frame,kind,true_x,true_y,est_x,est_y,err_x,err_y
0,car,11.9,-1.1974853955781322,11.963097325622808,-1.1987339918040172,0.06309732562280779,-0.0012485962258850236
0,car,23.69708297899032,3.60712308450365,24.813964790355897,3.5933294097932307,1.1168818113655767,-0.013793674710419257
0,motorcycle,8.05,0.012808453008865642,8.066791285287136,0.019840661093308763,0.016791285287135693,0.007032208084443121
0,bus,28.5,-4.497901997656939,28.588630980350725,-4.102283496446795,0.08863098035072525,0.3956185012101443
0,rickshaw,17.466889190918078,5.389286612536778,17.264665616871643,4.9387384209574785,-0.20222357404643532,-0.4505481915792995
1,car,11.944998312518985,-1.1781218373130127,11.896616673379787,-1.139522656065627,-0.048381639139197574,0.038599181247385594
1,car,23.677083312321987,3.6076596413521593,23.736274561578185,3.4022511762452665,0.05919124925619812,-0.2054084651068928
1,motorcycle,8.13748213651084,0.08053208335768414,8.08983182575873,0.08623211620880152,-0.047650310752111125,0.005700032851117379
1,bus,28.5,-4.509154516513346,28.71753739335191,-4.160983188432871,0.21753739335191113,0.34817132808047546
1,rickshaw,17.466889190918078,5.404403902469402,17.174338257677935,4.894176385531995,-0.29255093324014325,-0.5102275169374071
2,car,11.989986500607488,-1.1528690563702781,12.09872496377513,-1.1633784017285176,0.1087384631676418,-0.010509345358239441
2,car,23.657085645603654,3.6107187000463625,22.895041795598612,3.3077423566664668,-0.7620438500050426,-0.30297634337989576
2,motorcycle,8.224857118343833,0.19764372557322268,8.173470614648025,0.2086638654188851,-0.05138650369580766,0.011020139845662413
2,bus,28.5,-4.4868705012984735,28.464294856231216,-4.021612900202743,-0.03570514376878364,0.4652576010957308
2,rickshaw,17.466889190918078,5.374232770725009,17.06461786508177,4.88769052353636,-0.4022713258363062,-0.48654224718864914
3,car,12.034954442112982,-1.166464853582072,12.13602700934406,-1.1590763305736336,0.10107256723107838,0.007388523008438508
3,car,23.637091978585328,3.6335960183776788,23.065707234427034,3.3300354262294896,-0.5713847441582942,-0.3035605921481892
3,motorcycle,8.312017922072206,0.3147996839784468,8.25934506627201,0.3311356377036463,-0.052672855800196317,0.01633595372519947
3,bus,28.5,-4.499018907723494,27.81003967603642,-3.9520797673612713,-0.6899603239635788,0.5469391403622228
3,rickshaw,17.466889190918078,5.440047851672905,17.79183975546548,5.218287227348244,0.3249505645474038,-0.22176062432466104
4,car,12.079892019438335,-1.11007960968504,12.292738911415535,-1.1173590612321957,0.21284689197720041,-0.007279451547155702
4,car,23.61710431061705,3.678143628927653,23.651438946034457,3.437964179351812,0.034334635417405224,-0.24017944957584092
4,motorcycle,8.398857786610591,0.39057916968430745,8.349833293354031,0.4001018642936878,-0.04902449325656022,0.009522694609380378
4,bus,28.5,-4.521487297164569,27.969831568105878,-4.061244484136314,-0.530168431894122,0.4602428130282554
4,rickshaw,17.466889190918078,5.417460843052434,17.497595213649856,5.085548619257591,0.030706022731777693,-0.3319122237948431
5,car,12.124789121818228,-1.1156505060953519,12.00284876133814,-1.0833696806830482,-0.12194036048008883,0.032280825412303704
5,car,23.597124640448964,3.6409939967034144,23.089837730741856,3.2935514234211527,-0.5072869097071084,-0.3474425732822617
5,motorcycle,8.485270343983991,0.4960030525080998,8.470125176628885,0.5074338841331392,-0.015145167355106182,0.011430831625039384
5,bus,28.5,-4.511370989082953,28.749013528477484,-4.138103909545187,0.2490135284774837,0.37326707953776594
5,rickshaw,17.466889190918078,5.379403911239771,17.225756263317113,4.996988612211303,-0.24113292760096527,-0.3824152990284677
6,car,12.169635647594033,-1.0862248241410282,12.282737319853727,-1.0737508678084915,0.11310167225969359,0.012473956332536673
6,car,23.57715496603143,3.681790037733946,23.818991903950494,3.558883274314663,0.24183693791906435,-0.1229067634192833
6,motorcycle,8.57114974961525,0.5698170416032258,8.56795716396986,0.5619626139350911,-0.003192585645390267,-0.007854427668134711
6,bus,28.5,-4.5102124493579625,27.78695766251619,-3.9457570806666404,-0.7130423374838095,0.5644553686913221
6,rickshaw,17.466889190918078,5.399769338766268,17.329038236167563,4.993688781387029,-0.13785095475051534,-0.406080557379239
7,car,12.214421506486648,-1.063757349093289,12.23352213508423,-1.0678464374513676,0.01910062859758277,-0.004089088358078641
7,car,23.557197284315254,3.6608824363782206,22.949910941013236,3.3528167789863255,-0.6072863433020181,-0.3080656573918952
7,motorcycle,8.65639081197143,0.7021733236567901,8.706402372697996,0.6968590674302293,0.05001156072656521,-0.005314256226560787
7,bus,28.5,-4.538699192732194,27.417869085422822,-3.9537474572463833,-1.0821309145771778,0.5849517354858107
7,rickshaw,17.466889190918078,5.39520126657484,17.33502137532809,5.03128795789252,-0.13186781558998817,-0.36391330868231986
8,car,12.259136621866759,-1.0543352393300318,12.30466297076924,-1.0363394734016311,0.04552634890248086,0.017995765928400687
8,car,23.537253591051975,3.68789537355384,23.89707581593614,3.4153446029848507,0.3598222248841658,-0.27255077056898935
8,motorcycle,8.740889121410286,0.7429003252674958,8.74117030719124,0.7072668839408585,0.00028118578095437385,-0.03563344132663737
8,bus,28.5,-4.4854130119196425,28.55326074597555,-4.1431687170862865,0.05326074597554964,0.34224429483335594
8,rickshaw,17.466889190918078,5.416122787170301,17.5812156883587,5.1268323983374255,0.11432649744062218,-0.2892903888328755
9,car,12.303770933022045,-0.9943059862448984,12.151990490340635,-0.9914411876839314,-0.15178044268141022,0.002864798560966997
9,car,23.5173258805943,3.7295751803465036,23.958753165519227,3.645132231040861,0.4414272849249272,-0.08444294930564267
9,motorcycle,8.824541178069008,0.8637945000992323,8.83841717900406,0.8410194566415021,0.013876000935050925,-0.022775043457730182
9,bus,28.5,-4.509444318855521,28.36381601248645,-4.1370520838400955,-0.13618398751355087,0.3723922350154254
9,rickshaw,17.466889190918078,5.379903979859447,17.749244940956977,5.138280874511664,0.28235575003889934,-0.24162310534778264
10,car,12.348314397420799,-0.9980386325571794,12.43025576387878,-1.0250312252405265,0.08194136645798089,-0.026992592683347083
10,car,23.497416145696665,3.71767020238951,23.985700512229133,3.511382326915221,0.48828436653246854,-0.20628787547428917
10,motorcycle,8.90724451863863,0.9782506661080318,8.932446390786643,0.9290484077245678,0.025201872148013393,-0.04920225838346404
10,bus,28.5,-4.5184326784899564,26.73507133045588,-3.7745284321028367,-1.764928669544119,0.7439042463871197
10,rickshaw,17.466889190918078,5.41609433862959,17.691594797477393,5.144963256778056,0.22470560655931493,-0.271131081851534
11,car,12.392756992971444,-0.9831962676253844,12.445304551362423,-0.9995048701816802,0.052547558390978466,-0.016308602556295848
11,car,23.47752637731597,3.727613783350065,23.935363886099264,3.6716975078108613,0.45783750878329244,-0.05591627553920375
11,motorcycle,8.988897841868754,1.0301824207774746,9.049975853614916,0.9997986655219805,0.061078011746161565,-0.030383755255494083
11,bus,28.5,-4.525731489334753,28.1191939776384,-4.018801670106219,-0.3808060223616003,0.5069298192285334
11,rickshaw,17.466889190918078,5.42844757010497,17.280264767488124,5.039217312084325,-0.18662442342995433,-0.38923025802064437
12,car,12.437088720277472,-0.9395186555885983,12.431577506873793,-0.9451404800126001,-0.005511213403678994,-0.005621824424001831
12,car,23.45765856441248,3.7476822640519707,22.923237984222908,3.4190816832316964,-0.5344205801895718,-0.3286005808202743
12,motorcycle,9.069401132648926,1.142265980870752,9.104371869572548,1.0910306210423761,0.03497073692362207,-0.051235359828375904
12,bus,28.5,-4.575445503122455,28.26310515298445,-4.1061931254800115,-0.23689484701554875,0.46925237764244354
12,rickshaw,17.466889190918078,5.405212594981339,17.25277110743938,4.985093992538681,-0.21411808347869865,-0.42011860244265886
13,car,12.481299604887266,-0.9468296983020368,12.504460114357352,-0.973704432369742,0.02316050947008641,-0.02687473406770524
13,car,23.43781469375093,3.7508754599264034,23.926425222729687,3.5744470831664206,0.48861052897875723,-0.1764283767599828
13,motorcycle,9.148655784514634,1.2073180981155063,9.138230672463136,1.1340698887595089,-0.01042511205149843,-0.0732482093559974
13,bus,28.5,-4.498648615879811,29.51775093624032,-4.265707949039409,1.0177509362403185,0.2329406668404026
13,rickshaw,17.466889190918078,5.394174341772127,17.327048152038426,4.968155181322386,-0.13984103887965205,-0.42601916044974075
14,car,12.525379699538298,-0.9562636115342077,12.440448391372918,-0.9617996404685986,-0.08493130816538041,-0.005536028934390869
14,car,23.417996749701846,3.790154614251934,23.005633156956485,3.4001764987508634,-0.4123635927453613,-0.38997811550107064
14,motorcycle,9.226564720427895,1.2882182699630174,9.220972798741775,1.2209952237433475,-0.005591921686120216,-0.0672230462196699
14,bus,28.5,-4.517589194294087,28.25186571225577,-4.048067034090653,-0.24813428774422874,0.46952216020343407
14,rickshaw,17.466889190918078,5.429496453041739,17.719448218172467,5.143194527732744,0.2525590272543887,-0.2863019253089947
15,car,12.569319086395236,-0.9190478144140068,12.55680043307182,-0.910453015159221,-0.012518653323416729,0.008594799254785901
15,car,23.39820671404312,3.775122259305029,23.67701617912182,3.625612315242083,0.27880946507870163,-0.14950994406294615
15,motorcycle,9.303032511684496,1.389152908117241,9.325403246018453,1.3090551570163014,0.022370734333957643,-0.08009775110093953
15,bus,28.5,-4.49546602287124,28.438944662189023,-4.063716116493623,-0.06105533781097705,0.43174990637761734
15,rickshaw,17.466889190918078,5.423248423751169,17.36682015521296,4.999784546262173,-0.10006903570511838,-0.42346387748899605
16,car,12.613107879281404,-0.8956741295728975,12.652966864114758,-0.9443551209312572,0.03985898483335326,-0.04868099135835968
16,car,23.378446565761827,3.774128802689573,23.521745445675226,3.5226061212929403,0.14329887991339874,-0.2515226813966329
16,motorcycle,9.37796549480221,1.4218758253574324,9.398928230580085,1.3609708038049357,0.020962735777874997,-0.06090502155249666
16,bus,28.5,-4.457623939385414,29.56574845434302,-4.216758764029381,1.0657484543430193,0.24086517535603313
16,rickshaw,17.466889190918078,5.373159110934272,17.003378066233637,4.847872952994144,-0.463511124684441,-0.525286157940128
17,car,12.656736225903135,-0.8771208838071133,12.600385377877219,-0.9269316665085153,-0.05635084802591628,-0.049810782701402045
17,car,23.358718280856326,3.745439055626016,22.77579676876785,3.447682496703652,-0.5829215120884754,-0.2977565589223641
17,motorcycle,9.451271886246861,1.520463928164463,9.400276609472426,1.4071275775123349,-0.05099527677443483,-0.1133363506521281
17,bus,28.5,-4.478443325689884,27.64698083894361,-3.972585205308972,-0.8530191610563911,0.5058581203809123
17,rickshaw,17.466889190918078,5.38125093114915,17.47091614433572,5.031888340380773,0.004026953417643142,-0.3493625907683775
18,car,12.700194310066493,-0.8459948680475511,12.709074920319766,-0.8690401459034504,0.008880610253273247,-0.02304527785589927
18,car,23.339023832138672,3.7819596182450708,23.81213542938311,3.648602099232716,0.4731115972444364,-0.1333575190123546
18,motorcycle,9.522861894855675,1.6103166619679443,9.562784899144647,1.5016227319284314,0.03992300428897266,-0.10869393003951289
18,bus,28.5,-4.5020321778154,30.344654263036013,-4.341541496823986,1.8446542630360128,0.1604906809914146
18,rickshaw,17.466889190918078,5.393004015692163,17.430504254533233,5.017365189437609,-0.03638493638484519,-0.375638826254554
19,car,12.743472353885883,-0.8061114765315794,12.733513483968272,-0.8231108010563998,-0.009958869917610969,-0.016999324524820336
19,car,23.31936518903732,3.770350098271643,23.472317179626955,3.589664310050341,0.15295199058963505,-0.180685788221302
19,motorcycle,9.592647831820218,1.6550022438711338,9.585492816608612,1.5406780231063644,-0.007155015211605331,-0.11432422076476945
19,bus,28.5,-4.577988434601087,29.866018863048236,-4.397571505839584,1.366018863048236,0.1804169287615034
19,rickshaw,17.466889190918078,5.409266606784141,17.385365986775923,5.057603239534927,-0.08152320414215453,-0.35166336724921354
20,car,12.78656061998402,-0.7906017081127614,12.710147029001025,-0.8105025734633506,-0.0764135909829946,-0.019900865350589214
20,car,23.299744317400197,3.7916131012712917,23.54147194994493,3.6022442513454034,0.24172763254473395,-0.18936884992588832
20,motorcycle,9.660544218094229,1.6895160023209252,9.562760172796619,1.567088432123683,-0.09778404529760998,-0.12242757019724215
20,bus,28.5,-4.514563900548705,28.266620978813148,-4.097928813654023,-0.2333790211868525,0.416635086894682
20,rickshaw,17.466889190918078,5.424646068050086,17.30102985904851,5.032748492518219,-0.16585933186956936,-0.39189757553186677
21,car,12.82944941368281,-0.8092562730399036,12.637781456585323,-0.8144776245894275,-0.1916679570974864,-0.005221351549523967
21,car,23.28016317929812,3.8229159916544657,23.11792782152875,3.566144645042993,-0.16223535776937226,-0.2567713466114725
21,motorcycle,9.72646788909476,1.7888927343799523,9.711742821596944,1.6796613388293848,-0.014725067497815658,-0.10923139555056749
21,bus,28.5,-4.502051505681666,29.37070788608923,-4.274450796409055,0.8707078860892317,0.2276007092726111
21,rickshaw,17.466889190918078,5.42898519370263,17.440600479946582,5.050552625639145,-0.026288710971495988,-0.37843256806348524
22,car,12.872129085184605,-0.7657686376930751,12.769116124965183,-0.7521046360018159,-0.10301296021942186,0.013664001691259253
22,car,23.26062373282858,3.779666032874481,23.20032201753512,3.5435089610263453,-0.06030171529345907,-0.23615707184813584
22,motorcycle,9.790338096568393,1.8464162510454085,9.717777874773022,1.6888205617360403,-0.0725602217953707,-0.15759568930936818
22,bus,28.5,-4.491702671974911,27.980741912852157,-3.980187619005922,-0.5192580871478434,0.5115150529689894
22,rickshaw,17.466889190918078,5.375004485508267,17.645902121759924,5.1053728028723855,0.17901293084184644,-0.26963168263588155
23,car,12.914590031743375,-0.7395575359989781,12.876749833409912,-0.7672541003613854,-0.03784019833346264,-0.027696564362407305
23,car,23.241127931919944,3.7887203566425867,23.056976063764907,3.5361470615296544,-0.1841518681550376,-0.25257329511293225
23,motorcycle,9.852076607497747,1.8845179713065872,9.882324353566295,1.7895988021944942,0.03024774606854841,-0.09491916911209297
23,bus,28.5,-4.498448551612995,28.512746151665294,-4.089575229900455,0.012746151665293581,0.40887332171254
23,rickshaw,17.466889190918078,5.386210050852943,17.45531814139027,5.0795793996627685,-0.011571049527809407,-0.30663065119017485
24,car,12.95682269982527,-0.7714226234253022,13.107189595285433,-0.8189607983803545,0.1503668954601629,-0.047538174955052304
24,car,23.22167772613605,3.767759421430519,23.305720611261272,3.5495185343212725,0.08404288512522129,-0.21824088710924627
24,motorcycle,9.911607799927149,1.9356826564370408,10.047687121489005,1.853355879379427,0.13607932156185676,-0.08232677705761393
24,bus,28.5,-4.4544499895029395,27.31084510703081,-3.854083002894523,-1.1891548929691886,0.6003669866084165
24,rickshaw,17.466889190918078,5.405550807224669,17.625641877333013,5.088453637518587,0.15875268641493534,-0.3170971697060825
25,car,12.998817587258143,-0.7658809782568423,12.958752612719243,-0.7763529609317416,-0.040064974538900344,-0.010471982674899238
25,car,23.202275060481274,3.797611730311962,23.136593486305717,3.4820451406107904,-0.06568157417555653,-0.31556658970117146
25,motorcycle,9.968858755590068,1.949744687073199,9.951261269452768,1.8095529362443399,-0.01759748613729961,-0.14019175082885904
25,bus,28.5,-4.506398592259097,30.179563082875,-4.294519268019677,1.6795630828749992,0.2118793242394199
25,rickshaw,17.466889190918078,5.412162341735788,17.144984885794873,4.950213777120449,-0.3219043051232049,-0.46194856461533895
26,car,13.040565245369484,-0.7262708818733141,13.116927938323876,-0.7329789582843483,0.07636269295439213,-0.006708076411034214
26,car,23.18292187520601,3.78761198960175,22.19395981305096,3.338472643453485,-0.9889620621550499,-0.4491393461482649
26,motorcycle,10.023759349224877,2.0529295027095347,10.032018161723194,1.9223962362566362,0.00825881249831717,-0.13053326645289842
26,bus,28.5,-4.489073884690714,28.603876810719104,-4.121763583722935,0.10387681071910393,0.3673103009677785
26,rickshaw,17.466889190918078,5.419530541947053,17.714672241868747,5.170727018136453,0.24778305095066955,-0.24880352381060078
27,car,13.082056281112342,-0.6720972664799315,13.06498465458998,-0.6866601626444719,-0.017071626522362493,-0.014562896164540429
27,car,23.163620105612658,3.805295270958194,23.01501533609783,3.4753927570265164,-0.14860476951482937,-0.3299025139316778
27,motorcycle,10.076242334469525,2.064339597923439,10.185394921409777,1.9571409122150643,0.10915258694025276,-0.10719868570837487
27,bus,28.5,-4.500881494452271,28.740616354372442,-4.112613054703779,0.24061635437244178,0.3882684397484919
27,rickshaw,17.466889190918078,5.407130849974123,17.767651648966773,5.1656704503757815,0.3007624580486947,-0.2414603995983411
28,car,13.12328135917871,-0.6593149883579238,13.136485416610297,-0.6715633930446974,0.013204057431586591,-0.012248404686773573
28,car,23.144371681862093,3.8094736358342383,22.61648029544658,3.471647020256154,-0.527891386415515,-0.33782661557808424
28,motorcycle,10.126243426229927,2.0442719571990637,10.094762575187737,1.928335796311227,-0.031480851042189784,-0.11593616088783665
28,bus,28.5,-4.506263802110597,28.200641315215087,-4.080596414071744,-0.299358684784913,0.4256673880388533
28,rickshaw,17.466889190918078,5.402873404065687,17.202038992397895,4.959774322048811,-0.26485019852018254,-0.4430990820168761
29,car,13.164231204099945,-0.6764630871696033,13.158942012147609,-0.6835181986478259,-0.005289191952336125,-0.0070551114782225754
29,car,23.125178528780648,3.7707021372953844,23.373561668011966,3.637785456157272,0.2483831392313185,-0.1329166811381124
29,motorcycle,10.17370137942116,2.1397396572498213,10.102227062926586,2.004807866605821,-0.07147431649457481,-0.1349317906440004
29,bus,28.5,-4.4629859444009705,28.969057985340502,-4.105073082851148,0.4690579853405019,0.3579128615498224
29,rickshaw,17.466889190918078,5.380796977614188,17.557258720006892,5.059861552533083,0.09036952908881446,-0.32093542508110495
30,car,13.20489660233369,-0.6453260137915424,13.181235304297756,-0.7049110580430934,-0.02366129803593431,-0.05958504425155098
30,car,23.10604256566764,3.810023438953135,23.03394695841263,3.4991440509512834,-0.07209560725500808,-0.31087938800185144
30,motorcycle,10.218558063985043,2.1741002934520677,10.218027557697411,2.0355155701449794,-0.0005305062876317379,-0.13858472330708826
30,bus,28.5,-4.536297445554863,28.002301135610626,-4.029896942401652,-0.49769886438937405,0.5064005031532108
30,rickshaw,17.466889190918078,5.4347720422284995,17.546787308884802,5.082269718377575,0.07989811796672441,-0.35250232385092417
31,car,13.245268404336903,-0.6645536079605033,13.082174850304213,-0.6368019519495475,-0.16309355403268988,0.02775165601095586
31,car,23.08696570610343,3.8106133113456484,23.34693937968333,3.6127941500850054,0.25997367357989987,-0.19781916126064303
31,motorcycle,10.260758536092172,2.1773496637892213,10.199478399552508,2.0157182550696557,-0.06128013653966491,-0.1616314087195656
31,bus,28.5,-4.520861474045627,29.265315494076983,-4.196445089066982,0.7653154940769831,0.3244163849786448
31,rickshaw,17.466889190918078,5.449448713576651,17.443811421608235,5.118988116957823,-0.023077769309843177,-0.33046059661882854
32,car,13.285337526624449,-0.6408377747069841,13.368883189087216,-0.6502220812049523,0.0835456624627664,-0.009384306497968176
32,car,23.067949857758084,3.8097502393658993,22.357501921589627,3.4228947172123316,-0.7104479361684568,-0.38685552215356767
32,motorcycle,10.300251105441262,2.1806199275694045,10.28592859540233,2.04179459029849,-0.014322510038931924,-0.1388253372709145
32,bus,28.5,-4.4917474528959005,27.705776453393494,-3.915040881085085,-0.7942235466065064,0.5767065718108153
32,rickshaw,17.466889190918078,5.394154341747603,17.588576854804483,5.124176465575578,0.12168766388640506,-0.2699778761720246
33,car,13.325094953812853,-0.6262139681464536,13.324989814219427,-0.6291957363238875,-0.0001051395934261734,-0.0029817681774338967
33,car,23.048996922200583,3.792817969214098,23.055714744361794,3.549590449952468,0.006717822161210307,-0.24322751926163022
33,motorcycle,10.336987398573285,2.1915629121554123,10.305278510530917,2.0561323127565556,-0.0317088880423686,-0.1354305993988567
33,bus,28.5,-4.500819697293931,27.95917404963258,-3.95143272251308,-0.5408259503674202,0.5493869747808509
33,rickshaw,17.466889190918078,5.388889522529764,17.47881582548953,4.988121827674959,0.011926634571452155,-0.4007676948548049
34,car,13.364531740648722,-0.5749076191716096,13.301104416357044,-0.5922018689930987,-0.06342732429167874,-0.017294249821489083
34,car,23.030108794708692,3.7903752865092124,23.239375372840893,3.5802267420508866,0.20926657813220118,-0.21014854445832576
34,motorcycle,10.370922418122918,2.206051225514053,10.297948405994886,2.038893967175474,-0.07297401212803223,-0.16715725833857897
34,bus,28.5,-4.492693251447741,28.739977619982596,-4.114499330380616,0.23997761998259648,0.37819392106712524
34,rickshaw,17.466889190918078,5.40529183526717,17.572242777892274,5.1246801767687336,0.10535358697419639,-0.2806116584984366
35,car,13.403639014021394,-0.5944627986370975,13.377715416154492,-0.5957806349698703,-0.02592359786690146,-0.001317836332772826
35,car,23.01128736407942,3.7862201648290035,23.095539306440166,3.529746420908959,0.08425194236074773,-0.2564737439200444
35,motorcycle,10.40201459793468,2.1948945618249645,10.411493169064983,2.050860776589603,0.009478571130301816,-0.14403378523536148
35,bus,28.5,-4.48655985716745,28.975821243694106,-4.028249000505834,0.4758212436941065,0.4583108566616154
35,rickshaw,17.466889190918078,5.38936113288074,17.467672033545,4.99952752086461,0.0007828426269220756,-0.38983361201613054
36,car,13.44240797495934,-0.5873494487598439,13.478784979640134,-0.5954626226765927,0.0363770046807943,-0.008113173916748817
36,car,22.99253451244014,3.8134333095082,23.19596135124105,3.610393632533437,0.20342683880090817,-0.20303967697476288
36,motorcycle,10.43022585397629,2.2089815526066157,10.379979894480156,2.0495884182650705,-0.05024595949613442,-0.15939313434154512
36,bus,28.5,-4.5350360113056025,28.92769025357503,-4.180522250069824,0.42769025357502954,0.35451376123577827
36,rickshaw,17.466889190918078,5.420828043963734,17.47327116351154,5.086749553724709,0.006381972593462848,-0.33407849023902525
37,car,13.480829900609905,-0.56099475326978,13.186181157146573,-0.5632317119581921,-0.29464874346333225,-0.002236958688412116
37,car,22.973852115060396,3.759938833645216,23.657983979260987,3.6270539373888475,0.6841318642005909,-0.13288489625636846
37,motorcycle,10.455521630986826,2.186566860710746,10.521727704386544,2.0582586383158947,0.06620607339971762,-0.12830822239485107
37,bus,28.5,-4.520743352154982,28.99069790342529,-4.229116151104044,0.4906979034252892,0.29162720105093776
37,rickshaw,17.466889190918078,5.381472123328668,17.588367477953582,5.142700577834065,0.12147828703550445,-0.2387715454946031
38,car,13.518896146201909,-0.5546870955547434,13.547534385821828,-0.5735083564168172,0.028638239619919403,-0.018821260862073808
38,car,22.955242040164354,3.769398340814384,22.637589466405878,3.462118571820079,-0.3176525737584761,-0.307279768994305
38,motorcycle,10.477870944802612,2.1470415045802977,10.456382732251608,2.002163999625132,-0.021488212551004082,-0.14487750495516583
38,bus,28.5,-4.504911022154593,28.717421183420708,-4.072413519344048,0.21742118342070782,0.4324975028105449
38,rickshaw,17.466889190918078,5.384467827598887,17.48091260146764,5.069031913582781,0.014023410549562243,-0.31543591401610627
39,car,13.556598146990684,-0.5479796908120249,13.568273135057128,-0.5330594013756741,0.011674988066443959,0.01492028943635082
39,car,22.936706148743998,3.7723244713868858,23.267179263748364,3.5735010862932057,0.3304731150043665,-0.19882338509368003
39,motorcycle,10.497246420308937,2.164454484702211,10.610957846781563,2.0445238718845746,0.11371142647262644,-0.11993061281763628
39,bus,28.5,-4.482068489992714,27.26790243117872,-3.8019464995209713,-1.2320975688212812,0.6801219904717426
39,rickshaw,17.466889190918078,5.444076482469032,17.519254961045863,5.129074337010979,0.05236577012778554,-0.3150021454580525
40,car,13.593927420185107,-0.5031451739194822,13.661965121375598,-0.5134717249516375,0.0680377011904909,-0.010326551032155296
40,car,22.91824629437302,3.77469369395439,22.93296374152299,3.5316876381959634,0.014717447149969587,-0.2430060557584266
40,motorcycle,10.51362432497115,2.1463058749378265,10.445025950650683,2.0026002282357394,-0.06859837432046767,-0.1437056467020872
40,bus,28.5,-4.494681131036476,29.336650325717994,-4.251396406843182,0.8366503257179936,0.24328472419329383
40,rickshaw,17.466889190918078,5.372676842475183,17.357815144430216,4.983073280548956,-0.10907404648786212,-0.38960356192622747
41,car,13.630875566856192,-0.48394174307799664,13.612556973190648,-0.4854148663929701,-0.018318593665544114,-0.0014731233149734568
41,car,22.899864323021475,3.747287655807044,22.826880334268523,3.464880810723057,-0.0729839887529522,-0.2824068450839867
41,motorcycle,10.52698459790405,2.11591456654464,10.583094311217842,1.9948208856559175,0.05610971331379133,-0.12109368088872263
41,bus,28.5,-4.476875263920902,29.829037465250114,-4.2177600671698166,1.3290374652501136,0.2591151967510852
41,rickshaw,17.466889190918078,5.370203837612693,17.38621587947475,4.939355235606556,-0.08067331144332712,-0.4308486020061366
42,car,13.667434273826808,-0.5022415697371261,13.611065614212405,-0.5124729865016402,-0.05636865961440307,-0.010231416764514112
42,car,22.88156207287118,3.81426960501082,23.132057601591313,3.6679739438754697,0.25049552872013336,-0.1462956611353503
42,motorcycle,10.537310874443953,2.0854310057831587,10.5714548219154,1.9899994910673444,0.03414394747144733,-0.09543151471581424
42,bus,28.5,-4.519036315297537,28.55575889373627,-4.0680674773504055,0.05575889373627163,0.4509688379471317
42,rickshaw,17.466889190918078,5.404583959591386,18.026972898169202,5.23945012433814,0.560083707251124,-0.1651338352532452
43,car,13.703595315542124,-0.4875065856976175,13.64260990410203,-0.48735085125725003,-0.060985411440093173,0.00015573444036748318
43,car,22.8633413741319,3.722076405735076,22.384698608753904,3.412893417168482,-0.47864276537799455,-0.3091829885665942
43,motorcycle,10.544590506193368,2.012364058906356,10.44264849085479,1.8470208807927315,-0.10194201533857772,-0.16534317811362453
43,bus,28.5,-4.472373041870176,27.05170012245442,-3.92142935229529,-1.4482998775455798,0.5509436895748858
43,rickshaw,17.466889190918078,5.374289694416018,17.450509106054696,5.022049445459491,-0.01638008486338194,-0.3522402489565275
44,car,13.739350555920302,-0.4839678659884085,13.614407723431153,-0.514258348744178,-0.12494283248914861,-0.030290482755769454
44,car,22.84520404885832,3.752847135375161,22.75825009571255,3.4411612850446534,-0.0869539531457697,-0.31168585033050755
44,motorcycle,10.5488145765137,2.0371106711665736,10.616091345500093,1.9459546404193242,0.06727676898639423,-0.09115603074724943
44,bus,28.5,-4.495624602766967,28.93812750410009,-4.168325976669651,0.43812750410009116,0.3272986260973161
44,rickshaw,17.466889190918078,5.406795874291196,17.315630589915855,4.959586329684922,-0.15125860100222255,-0.4472095446062738
45,car,13.774691950183099,-0.4748809439487505,13.670972174525827,-0.46012287985510525,-0.10371977565727164,0.014758064093645273
45,car,22.82715191076786,3.7259895570026833,22.773035126884942,3.5098370478788325,-0.054116783882918185,-0.21615250912385076
45,motorcycle,10.549977911447009,1.9775736892373215,10.559998848391578,1.863623947018501,0.010020936944568959,-0.11394974221882048
45,bus,28.5,-4.483439790290268,28.80788651386565,-4.075360717767367,0.30788651386565036,0.40807907252290043
45,rickshaw,17.466889190918078,5.41395315468308,17.326292101420545,5.021262319668827,-0.14059708949753258,-0.3926908350142533
46,car,13.809611546665904,-0.47579591900995855,13.72354644375532,-0.44514323131952166,-0.08606510291058456,0.030652687690436886
46,car,22.80918676505928,3.7455200640252015,22.815203082119005,3.4772906666772605,0.0060163170597249405,-0.26822939734794105
46,motorcycle,10.548079086053477,1.9106913234713212,10.501868897463734,1.7855209878517522,-0.04621018858974324,-0.12517033561956903
46,bus,28.5,-4.51225272662182,28.055081906968844,-4.0805992607774755,-0.4449180930311556,0.4316534658443443
46,rickshaw,17.466889190918078,5.409492144933671,17.57263005865546,5.123880417308136,0.10574086773738145,-0.28561172762553433
47,car,13.844101488606823,-0.48113752328326137,13.721572785555347,-0.4682250855377419,-0.12252870305147567,0.012912437745519478
47,car,22.79131040823218,3.7170828008358034,22.719649472735334,3.4844112002875045,-0.0716609354968476,-0.23267160054829894
47,motorcycle,10.543120426156769,1.9038320552675154,10.635879191380262,1.7740424366903695,0.09275876522349336,-0.12978961857714588
47,bus,28.5,-4.474044280863188,28.105534682579062,-3.933282572658856,-0.3944653174209378,0.5407617082043319
47,rickshaw,17.466889190918078,5.4092703483160784,17.737969534036427,5.129889585375363,0.2710803431183493,-0.2793807629407157
48,car,13.87815401591442,-0.4809053678847442,13.905389893151263,-0.49186395876036376,0.0272358772368424,-0.010958590875619567
48,car,22.773524627907353,3.7163316250955423,22.66330034045907,3.4913460150314477,-0.11022428744828261,-0.22498561006409457
48,motorcycle,10.535108005495191,1.8559997532592225,10.504795198071005,1.7427562859972667,-0.030312807424186516,-0.11324346726195578
48,bus,28.5,-4.507282695207294,29.71963302220905,-4.273313979024955,1.2196330222090488,0.23396871618233916
48,rickshaw,17.466889190918078,5.374628807668194,17.40978733627111,5.044783469958167,-0.057101854646969485,-0.3298453377100268
49,car,13.911761466913712,-0.4591548476444491,14.31998534498351,-0.4842343717697141,0.40822387806979776,-0.02507952412526504
49,car,22.755831202648004,3.6892822672681103,22.94134143739911,3.4618397740225775,0.1855102347511064,-0.22744249324553278
49,motorcycle,10.524051638282126,1.7945865096418825,10.64186907593302,1.709781824691854,0.11781743765089381,-0.08480468495002857
49,bus,28.5,-4.495625347402428,28.75217490156028,-4.068961286375655,0.2521749015602808,0.42666406102677357
49,rickshaw,17.466889190918078,5.42740512345653,17.644992041334188,5.116790392974567,0.17810285041610996,-0.3106147304819631
50,car,13.944916280070002,-0.4074773095057239,13.827325318555529,-0.4111646879215019,-0.11759096151447324,-0.0036873784157779865
50,car,22.738231901781912,3.689381013432647,23.58745135943334,3.608658783156053,0.8492194576514294,-0.08072223027659398
50,motorcycle,10.509964867184843,1.7265553718206461,10.582714689135747,1.657712888962454,0.07274982195090374,-0.06884248285819217
50,bus,28.5,-4.511732609055333,28.141170847880108,-4.01162868172351,-0.35882915211989186,0.5001039273318231
50,rickshaw,17.466889190918078,5.38124288023364,17.03147323731562,4.855665122950268,-0.4354159536024582,-0.5255777572833722
51,car,13.977610995690204,-0.4225205501862428,14.215073056573672,-0.4421427700899937,0.23746206088346788,-0.019622219903750904
51,car,22.720728485224505,3.6972195323091666,22.446016442794598,3.4068084558856095,-0.27471204242990765,-0.290411076423557
51,motorcycle,10.492864946736429,1.643856912224634,10.418718739867282,1.5016837475568656,-0.07414620686914652,-0.14217316466776841
51,bus,28.5,-4.515959275122753,28.96399290115467,-4.205224630245952,0.4639929011546684,0.3107346448768009
51,rickshaw,17.466889190918078,5.422867433897547,17.479295986161826,5.042690512689469,0.012406795243748547,-0.38017692120807833
52,car,14.009838257601233,-0.42431459003546795,13.948020498624224,-0.45628645604857054,-0.06181775897700881,-0.03197186601310259
52,car,22.703322703302845,3.637612195102442,22.205075693752246,3.312479992052986,-0.49824700955059953,-0.3251322030494559
52,motorcycle,10.472772822201142,1.5624555707416354,10.467207944186718,1.4906100174867813,-0.005564878014423513,-0.07184555325485409
52,bus,28.5,-4.5073051826021935,28.052208197112083,-4.044308661588668,-0.44779180288791665,0.4629965210135252
52,rickshaw,17.466889190918078,5.399886796610227,17.38265238898,4.98406223666914,-0.08423680193807925,-0.415824559941087
53,car,14.04159081480511,-0.46277054319988614,13.97803826732923,-0.5006168194862458,-0.06355254747587935,-0.03784627628635967
53,car,22.686016296580625,3.66565368507372,23.296062609754575,3.51374350430048,0.6100463131739495,-0.15191018077323992
53,motorcycle,10.449713103919075,1.5100830722307401,10.37289882538315,1.3968282440806448,-0.0768142785359256,-0.11325482815009535
53,bus,28.5,-4.53376990423767,28.24389435520906,-4.113764295328601,-0.25610564479093867,0.4200056089090687
53,rickshaw,17.466889190918078,5.391372279363164,17.470789083714624,5.061498944026683,0.003899892796546567,-0.32987333533648133
54,car,14.072861523110427,-0.4604769701523251,14.341514301064144,-0.511013682956298,0.2686527779537169,-0.05053671280397293
54,car,22.668810995684094,3.6686476825961196,22.52776709917066,3.3618051644696956,-0.14104389651343396,-0.30684251812642405
54,motorcycle,10.423714037161577,1.471312502698412,10.400530483458803,1.399617447634906,-0.023183553702773807,-0.07169505506350604
54,bus,28.5,-4.470718096026161,28.053544567543412,-4.070164552417045,-0.44645543245658814,0.4005535436091163
54,rickshaw,17.466889190918078,5.3796428074704625,17.403205225267374,5.020903039883793,-0.06368396565070356,-0.3587397675866697
55,car,14.103643346739736,-0.41166999585420333,13.902721663084868,-0.4112036121765802,-0.20092168365486707,0.0004663836776231389
55,car,22.651708521129002,3.5899866128124436,21.853232683076655,3.2413316676577657,-0.7984758380523473,-0.3486549451546779
55,motorcycle,10.39480746753432,1.365821997040554,10.276265575009718,1.282738665578717,-0.11854189252460223,-0.0830833314618371
55,bus,28.5,-4.494211200929988,27.553405084097374,-3.906464039709156,-0.9465949159026259,0.587747161220832
55,rickshaw,17.466889190918078,5.395805898900552,17.650832488778732,5.065482439963417,0.18394329786065455,-0.33032345893713533
56,car,14.13392935991258,-0.4271640221365239,14.032350242141703,-0.4601921793063783,-0.10157911777087669,-0.03302815716985441
56,car,22.634710583148554,3.5913423094747308,23.01202612071246,3.477644263776975,0.3773155375639057,-0.11369804569775566
56,motorcycle,10.363028801970422,1.2997855335029658,10.43106476552948,1.221254511467731,0.06803596355905839,-0.07853102203523488
56,bus,28.5,-4.494577431478014,28.105849397602345,-4.022559703399431,-0.3941506023976551,0.47201772807858244
56,rickshaw,17.466889190918078,5.409889994614167,17.267126426877223,4.975797149263869,-0.19976276404085525,-0.4340928453502979
57,car,14.163712748403759,-0.41875539348869373,13.9484136372139,-0.4145913835300487,-0.215299111189859,0.004164009958645021
57,car,22.617818881522382,3.6503598164357856,22.563516408707088,3.3295154299703915,-0.05430247281529432,-0.32084438646539404
57,motorcycle,10.328416965361367,1.1946771510070382,10.318922089893949,1.120917077301436,-0.009494875467417785,-0.07376007370560211
57,bus,28.5,-4.512677203955892,28.279503147022353,-4.011434941437395,-0.22049685297764654,0.5012422625184971
57,rickshaw,17.466889190918078,5.405927580768159,18.03287483030176,5.217228731728796,0.5659856393836833,-0.18869884903936285
58,car,14.192986811076517,-0.3877608005093365,14.04359993531919,-0.3556233754597308,-0.14938687575732779,0.032137425049605706
58,car,22.601035105406574,3.576711197402809,21.936104576304718,3.2149325200009056,-0.6649305291018557,-0.3617786774019036
58,motorcycle,10.2910143528789,1.1374764464408564,10.431814931343515,1.1161597543704624,0.14080057846461536,-0.021316692070393994
58,bus,28.5,-4.493267113441154,28.429002260101036,-4.042712561581193,-0.07099773989896363,0.45055455185996074
58,rickshaw,17.466889190918078,5.412611196355741,17.604608703679347,5.105129233971517,0.1377195127612687,-0.307481962384224
59,car,14.221744961390245,-0.40898398509518563,14.24730287985214,-0.417691386989336,0.025557918461895923,-0.008707401894150368
59,car,22.584360933164753,3.5770912858224886,23.327513275852212,3.4364786570852894,0.7431523426874591,-0.14061262873719915
59,motorcycle,10.250866778046227,1.0226983938073402,10.210039054446682,0.9696498501328512,-0.040827723599544896,-0.05304854367448897
59,bus,28.5,-4.522059068625709,29.469224128572957,-4.289635753639796,0.9692241285729573,0.23242331498591273
59,rickshaw,17.466889190918078,5.389148112309657,17.557326475998956,5.07784597987046,0.09043728508087767,-0.3113021324391969
60,car,14.24998072888245,-0.3779289757864151,14.32747309397076,-0.38083440281208886,0.07749236508830926,-0.002905427025673757
60,car,22.567798032200248,3.5584276511868977,22.51747747413232,3.307576323318974,-0.050320558067927124,-0.25085132786792386
60,motorcycle,10.208023416622186,0.9160236885781391,10.177348332908362,0.8694603902114267,-0.03067508371382388,-0.04656329836671236
60,bus,28.5,-4.505775805675176,28.518058643076476,-4.040516474515689,0.018058643076475533,0.46525933115948703
60,rickshaw,17.466889190918078,5.38363850082917,17.864598003340735,5.194952725329244,0.3977088124226569,-0.18868577549992605
61,car,14.277687760624564,-0.39827908496637976,14.338259236309657,-0.42621545527212,0.06057147568509258,-0.027936370305740255
61,car,22.551348058789358,3.5594426617524286,22.001968799057316,3.193981706546719,-0.5493792597320422,-0.36546095520570976
61,motorcycle,10.162536746367085,0.893473544407906,10.131571806673291,0.8521993485898063,-0.03096493969379388,-0.04127419581809977
61,bus,28.5,-4.503573260187262,27.865998866291118,-4.011658676906722,-0.6340011337088818,0.49191458328053983
61,rickshaw,17.466889190918078,5.420428481583433,17.356835802659376,5.034006965976577,-0.11005338825870226,-0.3864215156068562
62,car,14.304859822651332,-0.3954809864815474,14.337992614635702,-0.3716621537169497,0.0331327919843698,0.023818832764597675
62,car,22.53501265791571,3.5546286879436684,22.551025931553458,3.372911513217895,0.016013273637746295,-0.1817171747257733
62,motorcycle,10.114462482764022,0.7767087026624753,10.129694062306989,0.7363020096011668,0.0152315795429665,-0.04040669306130851
62,bus,28.5,-4.517160941181336,28.155419092745454,-4.114094238695369,-0.3445809072545458,0.4030667024859671
62,rickshaw,17.466889190918078,5.375461111757125,17.258636512310797,4.94091135593987,-0.20825267860728047,-0.43454975581725463
63,car,14.331490801363431,-0.4230679641099699,14.277349016903012,-0.462759966240798,-0.05414178446041973,-0.03969200213082813
63,car,22.51879346310578,3.5011721555132485,22.706364099365302,3.2591259693991286,0.18757063625952242,-0.24204618611411988
63,motorcycle,10.063859510774362,0.6672353359773661,9.973116886008727,0.6147021215689846,-0.09074262476563533,-0.052533214408381435
63,bus,28.5,-4.498956984166355,28.37542786187404,-4.024311872387145,-0.12457213812595924,0.47464511177921054
63,rickshaw,17.466889190918078,5.403273203246795,17.53730588379208,5.097880768894212,0.07041669287400154,-0.3053924343525827
64,car,14.357574704902996,-0.38132500512261364,14.309523989460216,-0.3894355375074846,-0.0480507154427805,-0.008110532384870972
64,car,22.502692096265537,3.5080733268745132,21.56712507472696,3.1569106188640697,-0.9355670215385778,-0.3511627080104436
64,motorcycle,10.010789812711051,0.5379909248490193,10.072207930503447,0.520102649403229,0.06141811779239603,-0.017888275445790303
64,bus,28.5,-4.521201144520614,27.09533128769364,-3.851816237626171,-1.4046687123063606,0.6693849068944426
64,rickshaw,17.466889190918078,5.374521832197669,17.700067534346886,5.101487016798363,0.23317834342880772,-0.2730348153993054
65,car,14.383105664501771,-0.43911943338522186,14.274478827762374,-0.4543647922224372,-0.10862683673939699,-0.01524535883721534
65,car,22.48671016751824,3.45923345666679,22.413500170347124,3.1949188344296773,-0.07320999717111576,-0.26431462223711266
65,motorcycle,9.955318392318006,0.45679524309155645,9.85371536346608,0.44708833881603094,-0.10160302885192607,-0.009706904275525507
65,bus,28.5,-4.49554670662495,29.13594228273161,-4.164488907892523,0.6359422827316088,0.33105779873242636
65,rickshaw,17.466889190918078,5.406708842610077,17.44146339924966,4.991252013257829,-0.025425791668418185,-0.41545682935224804
66,car,14.408077935801563,-0.384450963214593,14.64200444804982,-0.39060106247688237,0.23392651224825656,-0.006150099262289377
66,car,22.470849275043452,3.454376658210623,22.6869454718286,3.273754637940282,0.21609619678514846,-0.18062202027034058
66,motorcycle,9.897513195148678,0.31926819492390435,9.851312698098287,0.33141868763700805,-0.046200497050390865,0.0121504927131037
66,bus,28.5,-4.4972933776319515,27.595080192477926,-3.909603684101108,-0.9049198075220737,0.5876896935308435
66,rickshaw,17.466889190918078,5.405239261802038,17.93147750103315,5.185076063717118,0.4645883101150723,-0.22016319808491946
67,car,14.432485900146668,-0.4352581553450401,14.552355812652419,-0.42688648009498736,0.11986991250575052,0.008371675250052724
67,car,22.4551110049172,3.4603800006792174,22.728215373308345,3.2057275866775443,0.27310436839114516,-0.25465241400167304
67,motorcycle,9.837445025341234,0.2822758725027586,9.947945650897465,0.29622003641906325,0.11050062555623086,0.013944163916304653
67,bus,28.5,-4.494867201511736,29.830853035992327,-4.211316639187984,1.3308530359923267,0.283550562323752
67,rickshaw,17.466889190918078,5.3947404506910654,17.63963361904964,5.130060905082768,0.172744428131562,-0.2646795456082973
68,car,14.456324065848088,-0.41628973329676905,14.892665959495638,-0.4612824782033114,0.4363418936475494,-0.04499274490654237
68,car,22.439496930953382,3.4370354296549066,22.13310562274227,3.1905032754100104,-0.3063913082111114,-0.24653215424489616
68,motorcycle,9.775187458892342,0.18256021031981684,9.855990248991967,0.1800905089801843,0.0808027900996251,-0.002469701339632535
68,bus,28.5,-4.485866734953547,29.32482552904681,-4.181280528360938,0.8248255290468087,0.3045862065926084
68,rickshaw,17.466889190918078,5.4077414981034515,17.39514926545134,5.024902620667,-0.07173992546673702,-0.38283887743645106
69,car,14.479587069419106,-0.40334371580617134,14.6389660129532,-0.3745859267753108,0.15937894353409376,0.02875778903086057
69,car,22.424008614546384,3.4307938141045446,22.575874637377567,3.241517792323358,0.15186602283118233,-0.18927602178118663
69,motorcycle,9.710816753535784,0.05566065698036179,9.735494341494503,0.05417232271159113,0.02467758795871866,-0.0014883342687706594
69,bus,28.5,-4.506182043728035,28.56724038818071,-4.111889058477419,0.06724038818071065,0.3942929852506163
69,rickshaw,17.466889190918078,5.40861675386018,17.69408793392464,5.1150682897181765,0.22719874300656073,-0.2935484641420034
70,car,14.502269676782051,-0.40075438864508683,14.498565121416181,-0.3895960986988543,-0.003704555365869666,0.011158289946232525
70,car,22.408647604514936,3.373507755400036,21.800226650338512,3.0364930872715314,-0.6084209541764238,-0.33701466812850445
70,motorcycle,9.644411755336261,-0.009475285024343763,9.602277187655565,0.004365069411756405,-0.04213456768069612,0.013840354436100169
70,bus,28.5,-4.4948757436867846,28.960908741442754,-4.06596167443899,0.4609087414427542,0.42891406924779485
70,rickshaw,17.466889190918078,5.399992516961784,17.248679360579718,4.982869918569068,-0.21820983033835972,-0.4171225983927158
71,car,14.524366784445965,-0.4421634803661641,14.53018079437105,-0.4572501039608612,0.005814009925085628,-0.01508662359469709
71,car,22.393415436947247,3.3687823780652892,21.879216328991664,3.0505586578429122,-0.5141991079555837,-0.318223720222377
71,motorcycle,9.57605380211282,-0.11649912837841378,9.690103014464592,-0.10732107466577076,0.11404921235177135,0.00917805371264302
71,bus,28.5,-4.511283793423444,29.860072860127367,-4.248753833228507,1.3600728601273673,0.2625299601949367
71,rickshaw,17.466889190918078,5.37992501887828,17.584184276806745,5.0195801297556395,0.11729508588866722,-0.36034488912264084
72,car,14.545873420654845,-0.4160418700758491,14.606943929656053,-0.44550419658529083,0.06107050900120825,-0.02946232650944175
72,car,22.378313635047373,3.355574711629071,23.163914284021,3.3203266813539862,0.7856006489736274,-0.03524803027508483
72,motorcycle,9.505826623810206,-0.18515071492721014,9.533405254497666,-0.19616747277364613,0.027578630687459693,-0.011016757846435993
72,bus,28.5,-4.524260501250805,27.683678464716273,-3.9968551385635678,-0.816321535283727,0.5274053626872375
72,rickshaw,17.466889190918078,5.389727493549184,17.76267619452303,5.105308236112204,0.29578700360495347,-0.28441925743697993
73,car,14.566784746506267,-0.44801809643646795,14.557609736290374,-0.43276980423229977,-0.009175010215892954,0.015248292204168179
73,car,22.363343708982924,3.372407210355152,21.91933958911427,3.015179843078876,-0.44400411986865507,-0.357227367276276
73,motorcycle,9.433816239940143,-0.30147181980441273,9.46767301645526,-0.3124025138769149,0.033856776515117204,-0.01093069407250219
73,bus,28.5,-4.489636365181295,28.39701774450924,-4.082487795875977,-0.10298225549075823,0.40714856930531784
73,rickshaw,17.466889190918078,5.416806943796424,17.63489279445102,5.106603070424446,0.16800360353294153,-0.31020387337197874
74,car,14.587096057040144,-0.420741685179343,14.490944368115356,-0.4327822210976738,-0.0961516889247882,-0.012040535918330764
74,car,22.34850715573403,3.340380992949932,22.412173079500768,3.147464665674833,0.06366592376673808,-0.19291632727509933
74,motorcycle,9.360110854218192,-0.40643066660216026,9.3430060935972,-0.39790321181798055,-0.017104760620991755,0.008527454784179711
74,bus,28.5,-4.502082149311243,29.00657710656956,-4.169077540464316,0.5065771065695586,0.3330046088469274
74,rickshaw,17.466889190918078,5.374946371382734,17.896525983480558,5.145737833908626,0.42963679256248,-0.22920853747410774
75,car,14.606802782297285,-0.4039521183517701,14.668014663819202,-0.39654467256973747,0.06121188152191692,0.007407445782032618
75,car,22.33380545894365,3.2776667766543244,21.874997443990694,3.10064359161051,-0.4588080149529574,-0.1770231850438142
75,motorcycle,9.284800746525224,-0.5096665647501135,9.321609194765742,-0.5009752818371788,0.03680844824051732,0.00869128291293475
75,bus,28.5,-4.521659444090617,28.559977688938353,-4.06604506121715,0.059977688938353424,0.4556143828734669
75,rickshaw,17.466889190918078,5.416403664775496,17.251606688777887,4.990196442804662,-0.21528250214019096,-0.4262072219708335
76,car,14.625900488347648,-0.4429228952272131,14.933580704037578,-0.46401644432589345,0.3076802156899294,-0.02109354909868033
76,car,22.319240088769217,3.2954824048708575,22.273476265294857,3.063632223636938,-0.04576382347435981,-0.23185018123391954
76,motorcycle,9.207978162325864,-0.6109499826374161,9.159088086903463,-0.5767559887644622,-0.04889007542240087,0.034193993872953854
76,bus,28.5,-4.512750907915437,28.51406061830209,-3.9653024414074873,0.014060618302089267,0.5474484665079493
76,rickshaw,17.466889190918078,5.407101477656453,17.12037844567677,4.917052043986578,-0.3465107452413072,-0.4900494336698751
77,car,14.644384878287942,-0.46094526044059336,14.658350264660903,-0.4613361510730194,0.013965386372960964,-0.00039089063242603306
77,car,22.304812501735608,3.289586040379759,22.215716353615086,3.0685865768606377,-0.08909614812052169,-0.22099946351912125
77,motorcycle,9.129737199679324,-0.7021341583983602,9.11540381563257,-0.6605447660293299,-0.014333384046754105,0.041589392369030365
77,bus,28.5,-4.4951311858413145,28.22490023886621,-3.972095102656392,-0.27509976113379153,0.5230360831849223
77,rickshaw,17.466889190918078,5.430642619282069,17.645122425013394,5.190768867719176,0.1782332340953161,-0.23987375156289303
78,car,14.662251793208407,-0.4399460591637891,14.948658253158777,-0.483363800816961,0.2864064599503706,-0.043417741653171915
78,car,22.2905241405895,3.279268328135609,21.987994988096496,3.0338019105584433,-0.3025291524930047,-0.2454664175771657
78,motorcycle,9.05017369398105,-0.7764899898075538,9.095458064514107,-0.7557578488362595,0.04528437053305723,0.020732140971294277
78,bus,28.5,-4.503505824844269,29.826146690920883,-4.282248169698368,1.3261466909208828,0.22125765514590068
78,rickshaw,17.466889190918078,5.402587027674406,17.673169938951688,5.10307042667656,0.20628074803360974,-0.2995166009978467
79,car,14.679497213128561,-0.4673763278244876,14.589501701653118,-0.4762448939861469,-0.08999551147544338,-0.008868566161659264
79,car,22.276376434155104,3.2684497595166406,22.0796746958506,3.066527411678461,-0.19670173830450466,-0.20192234783817975
79,motorcycle,8.969385100576345,-0.8795532562502704,8.913110298411553,-0.846022857833092,-0.05627480216479164,0.03353039841717842
79,bus,28.5,-4.518650803837357,27.994222402042528,-4.097329388350786,-0.5057775979574721,0.4213214154865703
79,rickshaw,17.466889190918078,5.3930528967470055,17.383576218403192,5.040535222285788,-0.08331297251488579,-0.3525176744612173
80,car,14.696117257901678,-0.46417696185523594,14.817319208816276,-0.4750214612882235,0.12120195091459784,-0.010844499432987542
80,car,22.262370797191274,3.208556755151536,22.399509063229036,3.035032675447215,0.1371382660377627,-0.17352407970432138
80,motorcycle,8.887470375389764,-0.9906989744364524,8.853015312698131,-0.9437667696302566,-0.034455062691632676,0.046932204806195754
80,bus,28.5,-4.532006104801014,28.230504670274936,-4.013542576407199,-0.2694953297250642,0.5184635283938155
80,rickshaw,17.466889190918078,5.366393326452471,17.366307534587094,4.9804964327974615,-0.10058165633098426,-0.38589689365500934
81,car,14.712108188087798,-0.492913228584432,15.024021195484739,-0.5317719522821094,0.3119130073969405,-0.0388587236976774
81,car,22.248508630250036,3.2169093704829446,22.299283508820672,2.959252982859713,0.05077487857063545,-0.2576563876232316
81,motorcycle,8.804529853716469,-1.0222976906725931,8.772840659751445,-0.9373782877271143,-0.031689193965023676,0.08491940294547884
81,bus,28.5,-4.485381319336444,28.88062451107901,-4.114053063793258,0.3806245110790094,0.3713282555431858
81,rickshaw,17.466889190918078,5.401944680257587,17.43857463162532,5.022245913521263,-0.02831455929275961,-0.37969876673632363
82,car,14.727466405795093,-0.48373626192399377,14.779833630746237,-0.511547333717807,0.05236722495114421,-0.027811071793813258
82,car,22.234791319536527,3.2035508284152923,22.27514594503314,2.95921985422349,0.04035462549661517,-0.24433097419180205
82,motorcycle,8.720665127324045,-1.1649637749716644,8.721813695630553,-1.0966056596611917,0.0011485683065082242,0.06835811531047264
82,bus,28.5,-4.498597122061943,29.59487247148033,-4.172383315114059,1.094872471480329,0.3262138069478837
82,rickshaw,17.466889190918078,5.409566250284784,17.66384557255033,5.16589708475339,0.19695638163225127,-0.24366916553139362
83,car,14.742188455489368,-0.5274676496468189,14.643252899989344,-0.514961612684743,-0.09893555550002375,0.012506036962075862
83,car,22.221220236770396,3.180377156279333,21.945965384608044,2.871354795116798,-0.2752548521623517,-0.3090223611625351
83,motorcycle,8.6359789200153,-1.2118518358277979,8.635800618476235,-1.130390233299216,-0.00017830153906395196,0.08146160252858192
83,bus,28.5,-4.493635667633365,27.336183755152465,-3.817595293067188,-1.1638162448475349,0.6760403745661767
83,rickshaw,17.466889190918078,5.401684814065843,17.726378903715393,5.148945242667187,0.2594897127973148,-0.25273957139865555
84,car,14.756271024771548,-0.48865808261578214,14.663913072404629,-0.5222092190125304,-0.09235795236691935,-0.03355113639674823
84,car,22.2077967390486,3.1280235213556673,22.049790994942953,2.9529231145444186,-0.1580057441056475,-0.17510040681124872
84,motorcycle,8.550574961804427,-1.3406435942988149,8.57418128000206,-1.2557308901294442,0.023606318197632703,0.08491270416937069
84,bus,28.5,-4.504494234213175,27.53974931415444,-3.8751045833227,-0.9602506858455584,0.6293896508904755
84,rickshaw,17.466889190918078,5.43385411997164,17.659649780242244,5.19038867166945,0.19276058932416618,-0.24346544830218964
85,car,14.769710945122958,-0.5449039648908794,14.871778784292724,-0.5777090834367029,0.10206783916976647,-0.032805118545823464
85,car,22.194522168709735,3.1073647525546004,21.953045552818548,2.844800368890119,-0.2414766158911874,-0.2625643836644813
85,motorcycle,8.464557861860731,-1.3737615262237894,8.506162174752545,-1.2992254410461435,0.04160431289181332,0.07453608517764598
85,bus,28.5,-4.51092933634727,27.496547528204275,-3.8780342699847297,-1.0034524717957254,0.6328950663625403
85,rickshaw,17.466889190918078,5.3751101665196135,17.613164845452783,5.079506754885478,0.1462756545347048,-0.2956034116341355
86,car,14.782505192618219,-0.5269156222087938,14.515115925631259,-0.5380709872375701,-0.2673892669869602,-0.011155365028776232
86,car,22.181397853199766,3.07054953125543,22.58024498702473,2.9386225230373673,0.3988471338249653,-0.1319270082180628
86,motorcycle,8.378032980375462,-1.438861080845831,8.40175438475594,-1.3702494881876457,0.02372140438047765,0.0686115926581854
86,bus,28.5,-4.507126186968684,27.689988411050393,-3.997730137555484,-0.8100115889496067,0.5093960494131995
86,rickshaw,17.466889190918078,5.395254406366487,17.572164715294637,5.100329389070624,0.10527552437655885,-0.2949250172958626
87,car,14.794650888605618,-0.5007424158821331,14.806746147566281,-0.512884721558613,0.012095258960663102,-0.012142305676479892
87,car,22.16842510493931,3.0644790064079976,22.547509481050124,2.936207634979581,0.37908437611081425,-0.12827137142841671
87,motorcycle,8.291106299508764,-1.5304976063725806,8.236358358301366,-1.3926085387937719,-0.05474794120739723,0.1378890675788087
87,bus,28.5,-4.503261795324534,28.019472218037514,-3.970818663854775,-0.48052778196248624,0.5324431314697593
87,rickshaw,17.466889190918078,5.387568439544138,17.54841203176046,5.060651691352066,0.08152284084238204,-0.3269167481920716
88,car,14.806145300354794,-0.5628206463691031,14.412198166291741,-0.5718323061327264,-0.39394713406305293,-0.009011659763623281
88,car,22.15560522119238,3.012180804873594,22.072432267243215,2.797121396099623,-0.08317295394916613,-0.21505940877397078
88,motorcycle,8.203884293574784,-1.615963958385055,8.210283528308228,-1.5056905703916459,0.006399234733443393,0.11027338799340902
88,bus,28.5,-4.456728841759107,29.893351525485755,-4.222004996937054,1.3933515254857554,0.234723844822053
88,rickshaw,17.466889190918078,5.375211267602828,17.895194976059237,5.203149347084051,0.42830578514115913,-0.172061920518777
89,car,14.816985841671604,-0.5761905918209018,14.62200205253394,-0.5765776254246622,-0.19498378913766423,-0.0003870336037603561
89,car,22.142939483936672,2.985776908993447,21.852813748961154,2.7066896471549655,-0.2901257349755184,-0.27908726183848165
89,motorcycle,8.11647379862394,-1.6773982983414921,8.107277611428984,-1.534680178343752,-0.00919618719495574,0.1427181199977401
89,bus,28.5,-4.5173071921602626,28.02925036159784,-4.088391083801046,-0.470749638402161,0.4289161083592168
89,rickshaw,17.466889190918078,5.38884068400378,17.494681191287594,5.050025678987761,0.02779200036951579,-0.338815005016019
90,car,14.827170073479978,-0.5402842089481347,14.93238565618094,-0.5464134166945602,0.10521558270096243,-0.006129207746425558
90,car,22.130429159735353,2.985586765315844,22.16497843016361,2.7296935691394526,0.03454927042825773,-0.2558931961763915
90,motorcycle,8.02898188158213,-1.7490383159207554,8.005412349255018,-1.5960387263792262,-0.02356953232711234,0.15299958954152926
90,bus,28.5,-4.492399100199784,29.23859990702959,-4.121911776446421,0.7385999070295917,0.37048732375336346
90,rickshaw,17.466889190918078,5.4401360089227895,17.033604924651048,4.922892506570512,-0.4332842662670302,-0.5172435023522777
91,car,14.836695704370724,-0.5989444323848936,15.053645220921005,-0.6302237280703781,0.21694951655028127,-0.03127929568548449
91,car,22.11807549961042,2.979180429652468,21.67000622477902,2.80914246824892,-0.4480692748314006,-0.1700379614035481
91,motorcycle,7.9415157091071285,-1.7865110866626452,7.955890601277726,-1.6381988490602493,0.014374892170597953,0.14831223760239598
91,bus,28.5,-4.5059199817946896,29.384693919729294,-4.195959605312149,0.884693919729294,0.3099603764825405
91,rickshaw,17.466889190918078,5.386237467255805,17.23629040132325,4.936451454850717,-0.23059878959482916,-0.4497860124050881
92,car,14.84556059111708,-0.5792737616264771,14.760712209154551,-0.5849814472499144,-0.08484838196252831,-0.005707685623437264
92,car,22.105879738917587,2.9843277495387586,21.98924920232775,2.790539982244511,-0.11663053658983813,-0.19378776729424763
92,motorcycle,7.854182416322836,-1.8460801799186686,7.862718093865151,-1.7009859444922097,0.008535677542314879,0.14509423542645883
92,bus,28.5,-4.506295900748438,29.588937265337112,-4.249157613362883,1.0889372653371119,0.25713828738555566
92,rickshaw,17.466889190918078,5.390403761330611,17.406843508179605,4.997361000688536,-0.06004568273847255,-0.393042760642075
93,car,14.853762739156926,-0.5967543617296608,14.846871861137588,-0.5835024699900165,-0.006890878019337521,0.01325189173964425
93,car,22.093843097222766,2.9009488105218275,22.945447928494406,2.828336186563808,0.85160483127164,-0.07261262395801937
93,motorcycle,7.767088975592155,-1.912030248055316,7.729611196861787,-1.7205406886415922,-0.03747777873036817,0.1914895594137238
93,bus,28.5,-4.494980118574063,27.646619455107416,-3.9648334887371885,-0.853380544892584,0.5301466298368749
93,rickshaw,17.466889190918078,5.404689390650506,17.455342535022965,5.064490500837972,-0.011546655895113389,-0.3401988898125339
94,car,14.861300303041551,-0.6274959277710216,14.938551887051538,-0.6490341195315444,0.07725158400998744,-0.02153819176052285
94,car,22.081966778180092,2.9057230085283825,22.668511840395883,2.8234823258565442,0.5865450622157908,-0.08224068267183826
94,motorcycle,7.680342065489204,-1.9384688124166511,7.687029698049062,-1.7808936198934449,0.006687632559858159,0.1575751925232063
94,bus,28.5,-4.492285019890075,28.075120325808044,-3.987328418754478,-0.42487967419195627,0.5049566011355973
94,rickshaw,17.466889190918078,5.389542302229183,17.40263453501754,5.03463738430307,-0.06425465590053747,-0.35490491792611234
95,car,14.868171586850886,-0.6981509527214873,15.020591370859133,-0.7372015438015779,0.15241978400824685,-0.03905059108009057
95,car,22.070251969411572,2.8855140827632293,22.476487747390685,2.7922910736871045,0.4062357779791128,-0.0932230090761248
95,motorcycle,7.594047940131422,-2.0133998186301616,7.573908122356694,-1.838227845100853,-0.020139817774728286,0.1751719735293087
95,bus,28.5,-4.487334125991374,27.925277348380494,-3.9554960341419796,-0.5747226516195063,0.5318380918493948
95,rickshaw,17.466889190918078,5.396067972391242,17.607524619721467,5.073649690481478,0.14063542880338886,-0.32241828190976385
96,car,14.874375044575059,-0.6291471323163775,14.73011149381559,-0.6316788332240338,-0.14426355075946873,-0.002531700907656309
96,car,22.05869984238832,2.845277076400927,22.099261822457716,2.6887441242488155,0.04056198006939482,-0.15653295215211172
96,motorcycle,7.508312299031549,-2.041861850719826,7.512266293572776,-1.84964280366348,0.003953994541227246,0.19221904705634607
96,bus,28.5,-4.515655643215982,28.07608189599708,-4.039688211978556,-0.42391810400291874,0.47596743123742513
96,rickshaw,17.466889190918078,5.371976396550116,17.747505780213512,5.086681452351644,0.280616589295434,-0.2852949441984727
97,car,14.879909280462256,-0.701266392317903,14.965261994776226,-0.7385320086577635,0.08535271431397007,-0.037265616339860475
97,car,22.04731155231342,2.839864276095459,22.11003718774179,2.723102452030192,0.06272563542836807,-0.11676182406526703
97,motorcycle,7.423240157628956,-2.0767547621916496,7.399375888147717,-1.883433611536063,-0.023864269481238765,0.19332115065558653
97,bus,28.5,-4.518690861947857,28.257860152778758,-4.015920587479349,-0.24213984722124238,0.5027702744685083
97,rickshaw,17.466889190918078,5.4081940922589995,17.134433562383293,4.907225196255662,-0.3324556285347846,-0.5009688960033376
98,car,14.884773049332745,-0.7066377893541262,14.917452930925993,-0.7082509941076246,0.032679881593248084,-0.001613204753498354
98,car,22.03608823800638,2.818002024383879,22.013945278220945,2.648294321491552,-0.022142959785433902,-0.16970770289232684
98,motorcycle,7.338935718658843,-2.1064771051193563,7.389242708488146,-1.933118949680979,0.05030698982930293,0.17335815543837718
98,bus,28.5,-4.522338861916157,28.771186543455023,-4.1139030589522125,0.27118654345502335,0.4084358029639441
98,rickshaw,17.466889190918078,5.408085222195703,17.25650067136744,5.015697268108793,-0.2103885195506372,-0.3923879540869102
99,car,14.888965256859047,-0.6999907717284163,14.983077943966052,-0.7473644766403456,0.09411268710700504,-0.04737370491192927
99,car,22.025031021789278,2.7739212375185742,22.96315709711396,2.7606921199796397,0.9381260753246821,-0.01322911753893452
99,motorcycle,7.2555022445169355,-2.0980279372309183,7.2848894079367446,-1.925301290300949,0.02938716341980907,0.1727266469299693
99,bus,28.5,-4.486450110148612,29.647967715053216,-4.23787758143546,1.1479677150532162,0.24857252871315172
99,rickshaw,17.466889190918078,5.387489910744255,17.42817821510648,5.030582335881911,-0.03871097581159688,-0.35690757486234403
100,car,14.892484959812164,-0.7383910032709509,15.006781916983094,-0.7580092912383553,0.11429695717093047,-0.01961828796740439
100,car,22.014141009374526,2.725413365385266,21.300119263963946,2.4619447122596623,-0.7140217454105802,-0.26346865312560386
100,motorcycle,7.173041930775951,-2.1684267739024934,7.187227199758212,-1.962407725975449,0.014185268982260801,0.20601904792704429
100,bus,28.5,-4.510219015012604,29.139081489517647,-4.083107358517475,0.6390814895176469,0.4271116564951285
100,rickshaw,17.466889190918078,5.42958497971601,17.525341153556436,5.09356629607806,0.05845196263835817,-0.33601868363794996
101,car,14.895331366273771,-0.7421280991850323,15.043100599655194,-0.7988228851698822,0.1477692333814229,-0.056694785984849894
101,car,22.00341928975429,2.742750571612342,21.82748397944182,2.614512134573773,-0.17593531031247167,-0.12823843703856896
101,motorcycle,7.09165578100881,-2.1974193333648087,7.099089548492141,-1.9927568497552004,0.007433767483330911,0.20466248360960826
101,bus,28.5,-4.510990059903867,28.766730695651347,-4.1433357767958094,0.2667306956513471,0.3676542831080578
101,rickshaw,17.466889190918078,5.42569025821693,17.546528584180233,5.075212328884972,0.07963939326215552,-0.35047792933195776
102,car,14.897503835814428,-0.7667889578898709,15.020658275322962,-0.7510086927918501,0.123154439508534,0.015780265098020774
102,car,21.992866935091595,2.691298768593935,21.82538123762811,2.5037879653159445,-0.16748569746348352,-0.1875108032779904
102,motorcycle,7.011443483071884,-2.164218639043775,7.037579034131628,-1.973092700511718,0.026135551059744522,0.19112593853205717
102,bus,28.5,-4.511834048762859,29.079560570560442,-4.183810266563969,0.5795605705604423,0.3280237821988896
102,rickshaw,17.466889190918078,5.398592235159276,17.14293842288606,4.883721535296799,-0.3239507680320166,-0.5148706998624766
103,car,14.89900187963765,-0.782296489174156,14.809023410081377,-0.8159908263554134,-0.08997846955627331,-0.03369433718125747
103,car,21.982485000613114,2.709330204611332,22.04956288239906,2.5866635372025724,0.06707788178594498,-0.12266666740875953
103,motorcycle,6.932503286999844,-2.161555759359187,6.937202576034869,-1.9594434081350176,0.004699289035024812,0.20211235122416937
103,bus,28.5,-4.4708350930980965,28.278030561201685,-4.020832397145484,-0.22196943879831466,0.45000269595261244
103,rickshaw,17.466889190918078,5.415035377550771,17.959877512362254,5.203447674386847,0.4929883214441766,-0.21158770316392328
104,car,14.899825160689899,-0.783655955966501,14.851015190466107,-0.7775333274034288,-0.04880997022379141,0.006122628563072108
104,car,21.972274524503643,2.660801865664615,21.635306002295373,2.4135878088502283,-0.3369685222082701,-0.24721405681438657
104,motorcycle,6.854931884661643,-2.177291593062285,6.852611186122675,-1.9522639102231765,-0.0023206985389681023,0.22502768283910846
104,bus,28.5,-4.498531201594127,29.9495369993909,-4.33116315565513,1.4495369993909009,0.16736804593899723
104,rickshaw,17.466889190918078,5.3847476433386525,17.49311407178696,5.034051587956119,0.026224880868880973,-0.35069605538253334
105,car,14.89997349373641,-0.842839423659402,14.947110693768519,-0.8315804581709233,0.047137200032109305,0.011258965488478712
105,car,21.962236527802286,2.6449006549108334,21.178680109078282,2.3725902751202326,-0.7835564187240038,-0.2723103797906008
105,motorcycle,6.778824291325076,-2.1708066938780246,6.777055710659557,-1.9499953751097518,-0.001768580665519437,0.22081131876827276
105,bus,28.5,-4.510442388935336,28.66770364976952,-4.09789358109203,0.16770364976952123,0.41254880784330616
105,rickshaw,17.466889190918078,5.3805120205952575,17.652846666499702,5.124242582791203,0.185957475581624,-0.25626943780405487
106,car,14.899446845402872,-0.8141936476472537,14.898872574931378,-0.8147327250340519,-0.0005742704714943869,-0.000539077386798259
106,car,21.952372014300348,2.6266382957319556,22.421069026744533,2.481606843063555,0.46869701244418494,-0.14503145266840045
106,motorcycle,6.704273729274955,-2.1632401272853525,6.700742635598876,-1.9340309787358179,-0.0035310936760790668,0.22920914854953467
106,bus,28.5,-4.487933342186248,27.844567193540975,-3.9749622469472685,-0.6554328064590251,0.5129710952389797
106,rickshaw,17.466889190918078,5.388098829008075,17.052345955381956,4.906873397265956,-0.41454323553612227,-0.48122543174211874
107,car,14.89824533418294,-0.8737861000199326,14.996973183753612,-0.9030593901002792,0.09872784957067182,-0.029273290080346626
107,car,21.942681970440958,2.585493068804564,21.863983779813164,2.4378558935926296,-0.07869819062779371,-0.1476371752119343
107,motorcycle,6.631371513627472,-2.175412383161675,6.64779814783479,-1.9683829039083183,0.016426634207317825,0.20702947925335669
107,bus,28.5,-4.476798078081475,28.4377027000812,-4.0265969007230415,-0.062297299918800064,0.45020117735843357
107,rickshaw,17.466889190918078,5.379418629560148,17.3879042407974,5.001851550726603,-0.07898495012067741,-0.377567078833545
108,car,14.896369230411574,-0.8284125408599817,15.073110999750469,-0.8391654879994853,0.17674176933889463,-0.010752947139503588
108,car,21.933167365220424,2.593875478130782,22.380007045736875,2.5194870444969295,0.44683968051645095,-0.07438843363385228
108,motorcycle,6.56020694048059,-2.154617933021834,6.550549683334059,-1.9383796116508478,-0.009657257146531428,0.2162383213709862
108,bus,28.5,-4.487339515327279,28.920661577266944,-4.104071940656648,0.4206615772669444,0.3832675746706311
108,rickshaw,17.466889190918078,5.3866577081109845,17.453882599667462,5.025986222386555,-0.013006591250615429,-0.36067148572442953
109,car,14.893818956204198,-0.8625732460555715,15.123100565133425,-0.8471847310699537,0.22928160892922733,0.015388514985617774
109,car,21.923829150091347,2.546556153937622,21.81973539341649,2.450442808658639,-0.10409375667485676,-0.09611334527898308
109,motorcycle,6.490867177537501,-2.152212697592154,6.471879237863553,-1.9182898017063887,-0.01898793967394763,0.2339228958857651
109,bus,28.5,-4.536588453171926,28.964343704837155,-4.195894908966033,0.46434370483715526,0.3406935442058927
109,rickshaw,17.466889190918078,5.40584557912051,17.356160564624343,5.022534282233011,-0.11072862629373503,-0.38331129688749943
110,car,14.890595085361758,-0.9549002078653935,14.872121701089608,-0.9413144397321466,-0.018473384272150284,0.013585768133246967
110,car,21.914668258867447,2.5408935890618203,21.748498512855893,2.394047838050871,-0.16616974601155476,-0.14684575101094932
110,motorcycle,6.423437157337083,-2.1773878949894874,6.432525409123364,-1.953076947081981,0.009088251786280921,0.22431094790750628
110,bus,28.5,-4.449488903084116,28.858094786940587,-4.09649311820005,0.35809478694058683,0.35299578488406524
110,rickshaw,17.466889190918078,5.40708324875393,17.497058975183535,5.075407078504262,0.03016978426545691,-0.33167617024966844
111,car,14.886698343241589,-0.9174954994164392,14.922105096440106,-0.9254498005396938,0.03540675319851694,-0.007954301123254681
111,car,21.905685607630225,2.5081431046815843,22.6083823900975,2.457359113021233,0.7026967824672745,-0.05078399166035119
111,motorcycle,6.357999473222158,-2.0843315652132217,6.359135981603755,-1.8721070357882765,0.0011365083815970678,0.21222452942494519
111,bus,28.5,-4.481764568508824,28.09959922278547,-3.9747372413932855,-0.4004007772145286,0.5070273271155386
111,rickshaw,17.466889190918078,5.416991199706754,17.433685199085783,5.028186298743158,-0.03320399183229483,-0.38880490096359566
112,car,14.882129606594228,-0.9576359172855123,14.840379876752587,-0.9386895772212995,-0.041749729841640715,0.018946340064212808
112,car,21.89688209463731,2.500149781132894,22.038287074673452,2.4015310431546606,0.14140498003614255,-0.09861873797823328
112,motorcycle,6.294634278172986,-2.0927312636298647,6.291589312241125,-1.8658864580103867,-0.003044965931861654,0.22684480561947806
112,bus,28.5,-4.4820437652947565,29.617567712525165,-4.229460484434429,1.1175677125251653,0.25258328086032744
112,rickshaw,17.466889190918078,5.405294983211944,17.712554852494083,5.111233204624436,0.24566566157600533,-0.29406177858750837
113,car,14.87688990336615,-0.9206512691166279,14.597228691368317,-0.9168459022485571,-0.27966121199783345,0.0038053668680707586
113,car,21.888258600232668,2.4720740807565074,21.923102005702937,2.3798584631733313,0.03484340547026932,-0.09221561758317609
113,motorcycle,6.233419186629875,-2.0668090189894928,6.24951826740238,-1.8605774824072205,0.01609908077250566,0.20623153658227222
113,bus,28.5,-4.4930386968869,26.60638065244539,-3.7465844006374334,-1.8936193475546084,0.7464542962494662
113,rickshaw,17.466889190918078,5.426854715882419,17.91566028074443,5.236009785674951,0.4487710898263515,-0.19084493020746773
114,car,14.870980412468475,-0.9929619364765772,14.645187196933275,-0.9652956482373054,-0.22579321553519982,0.027666288239271752
114,car,21.879815986758555,2.398116740630131,21.114005933947766,2.1528011452672584,-0.7658100528107887,-0.2453155953628725
114,motorcycle,6.174429179425203,-2.0139905769660285,6.193000881182094,-1.7996882050467775,0.01857170175689138,0.21430237191925094
114,bus,28.5,-4.526293043483037,29.268209273505786,-4.187941100534423,0.7682092735057857,0.3383519429486137
114,rickshaw,17.466889190918078,5.38205494415412,17.50535299901361,5.0346441986504145,0.03846380809553196,-0.3474107455037059
115,car,14.864402463511725,-0.9680428765240199,15.061871269663703,-0.9586270745377347,0.19746880615197782,0.009415801986285222
115,car,21.871555098469276,2.4332393441557914,22.27645311249366,2.3973114655905543,0.40489801402438275,-0.03592787856523705
115,motorcycle,6.117736511941274,-2.0053556176261575,6.134856870951952,-1.7918016175100715,0.01712035901067832,0.21355400011608605
115,bus,28.5,-4.472874300125496,27.244421952693575,-3.8792854507077608,-1.2555780473064253,0.5935888494177353
115,rickshaw,17.466889190918078,5.39036375848821,17.570200759368454,5.103878183783558,0.10331156845037626,-0.28648557470465175
116,car,14.85715753650666,-1.0005332889658498,14.743086463360923,-1.0033179242792496,-0.1140710731457375,-0.002784635313399786
116,car,21.863476761446787,2.39904184399051,21.640330910028784,2.2447314025166625,-0.22314585141800336,-0.15431044147384743
116,motorcycle,6.063410625606506,-1.9327173864330527,6.086335518345704,-1.7391772907416378,0.022924892739197844,0.19354009569141484
116,bus,28.5,-4.473365925148512,28.1108157035123,-4.011373765179795,-0.3891842964876986,0.4619921599687169
116,rickshaw,17.466889190918078,5.394567253270587,17.58852847382054,5.084544218469761,0.12163928290246062,-0.3100230348008264
117,car,14.849247261531298,-1.0365650581518255,15.058768323176492,-1.0291363841157368,0.20952106164519435,0.007428674036088712
117,car,21.855581783518048,2.3795480436318313,21.831152372784953,2.314007777726,-0.024429410733095125,-0.06554026590583106
117,motorcycle,6.011518062838378,-1.8664156495446325,6.0234776505719765,-1.6788696198183688,0.011959587733598731,0.18754602972626366
117,bus,28.5,-4.487990217844665,29.346596340351983,-4.151618857091184,0.846596340351983,0.33637136075348106
117,rickshaw,17.466889190918078,5.408216723139636,17.340368886804004,5.016881772201644,-0.12652030411407367,-0.391334950937992
118,car,14.840673418364135,-1.0414256933721662,14.703230178893055,-1.0371857937170228,-0.1374432394710805,0.004239899655143375
118,car,21.84787095417428,2.3602231674406027,21.480987012265118,2.1745440966118403,-0.36688394190916185,-0.18567907082876234
118,motorcycle,5.962122385537266,-1.8178355401268458,5.955735728915846,-1.620306764475073,-0.00638665662142035,0.19752877565177274
118,bus,28.5,-4.496936162816689,28.03313279789214,-4.081936535172054,-0.4668672021078599,0.4149996276446348
118,rickshaw,17.466889190918078,5.422415912775765,17.435220895665264,5.066012348505134,-0.031668295252814005,-0.35640356427063136
119,car,14.831437936083715,-1.0331978810536826,14.923309820067542,-1.0464095661446717,0.09187188398382773,-0.013211685090989134
119,car,21.840345044491986,2.32818590041999,21.313202970976093,2.1158030745431553,-0.5271420735158934,-0.21238282587683477
119,motorcycle,5.915284097231087,-1.7537163139879584,5.914714198348781,-1.5804186171443222,-0.0005698988823059636,0.17329769684363616
119,bus,28.5,-4.488368052460167,29.595441083440136,-4.234668565756851,1.0954410834401358,0.253699486703316
119,rickshaw,17.466889190918078,5.373195583745712,17.607374064518556,5.089491870782133,0.140484873600478,-0.2837037129635789
120,car,14.821542892634588,-1.0948735598520551,14.614297824575917,-1.0492854508916023,-0.20724506805867016,0.045588108960452844
120,car,21.833004807055868,2.287843328740316,21.282300606964217,2.084554347028249,-0.5507042000916513,-0.20328898171206689
120,motorcycle,5.871060568966031,-1.7248840960121332,5.877303000845225,-1.5506117866961748,0.006242431879194044,0.17427230931595838
120,bus,28.5,-4.516145012893828,28.6892113632112,-4.155594248894556,0.18921136321120002,0.3605507639992718
120,rickshaw,17.466889190918078,5.401142739916631,17.45821378583193,5.023434132255174,-0.008675405086147947,-0.3777086076614573
121,car,14.810990514359782,-1.1099569646392289,15.260515746781753,-1.1597660119993412,0.44952523242197095,-0.04980904736011227
121,car,21.825850975883547,2.2776721954115633,22.174252877670128,2.153030111234205,0.3484019017865805,-0.12464208417735811
121,motorcycle,5.829505969034199,-1.5912186612528785,5.811158001773333,-1.4308929153056755,-0.018347967260865516,0.16032574594720295
121,bus,28.5,-4.4743189883692835,28.435199034613294,-4.041461176714613,-0.06480096538670566,0.43285781165467085
121,rickshaw,17.466889190918078,5.4048286689850915,17.3028670045709,5.011563229696087,-0.1640221863471787,-0.3932654392890047
122,car,14.799783175499892,-1.1252035315050959,14.778227755098444,-1.1354753340740678,-0.02155542040144809,-0.010271802568971866
122,car,21.818884266352185,2.264136239522139,21.76800114954555,2.159636505344704,-0.050883116806634376,-0.10449973417743497
122,motorcycle,5.790671196624236,-1.597440470533485,5.792957817543462,-1.4248373171099873,0.0022866209192260456,0.17260315342349775
122,bus,28.5,-4.471786311299245,28.806038722180542,-4.113827713980439,0.30603872218054207,0.35795859731880597
122,rickshaw,17.466889190918078,5.409155810328097,17.952904109021123,5.240837525749871,0.4860149181030451,-0.16831828457822606
123,car,14.787923397658888,-1.1032461221895944,14.833042160753111,-1.1049789918789794,0.04511876309422291,-0.0017328696893850193
123,car,21.812105375126926,2.23789246341024,21.89297063697479,2.1061332707636953,0.08086526184786536,-0.13175919264654468
123,motorcycle,5.754603819476171,-1.4643169355210572,5.7344697098421555,-1.305391708521095,-0.020134109634015296,0.15892522699996214
123,bus,28.5,-4.5074807349336465,27.514896338094278,-3.8440373355634088,-0.9851036619057219,0.6634433993702378
123,rickshaw,17.466889190918078,5.42245036190009,17.39987173584894,5.072512347615025,-0.06701745506913781,-0.34993801428506455
124,car,14.775413849236744,-1.1906904568411352,14.96872679885242,-1.1786452990402154,0.19331294961567735,0.012045157800919748
124,car,21.805514980091242,2.221539880202816,22.001627778018104,2.059089030601712,0.19611279792686176,-0.1624508496011039
124,motorcycle,5.721348015616893,-1.451475463248657,5.712834454127681,-1.3031408409361898,-0.008513561489212229,0.1483346223124673
124,bus,28.5,-4.497279352112337,28.38029280942518,-4.129851734488541,-0.11970719057482171,0.3674276176237967
124,rickshaw,17.466889190918078,5.382323679548933,17.864690727178864,5.125394336990496,0.3978015362607863,-0.25692934255843713
125,car,14.762257344829083,-1.1738781086372687,14.561475997080752,-1.1577676415463705,-0.20078134774833067,0.01611046709089825
125,car,21.799113740279147,2.209813637167841,21.86386588434693,2.1277631153770047,0.06475214406778207,-0.0820505217908365
125,motorcycle,5.690944519247593,-1.330318207951823,5.69422137785056,-1.2124821776071504,0.0032768586029670033,0.1178360303446726
125,bus,28.5,-4.505733024906605,28.727514515944886,-4.107000744843907,0.22751451594488614,0.39873228006269823
125,rickshaw,17.466889190918078,5.410350895912767,17.26875718304767,4.959522897786448,-0.1981320078704094,-0.4508279981263197
126,car,14.74845684459389,-1.2485120387728428,14.839802913330669,-1.2149677490346587,0.09134606873677775,0.03354428973818413
126,car,21.792902295809288,2.1748563530360667,21.468164196161776,2.0303043451495157,-0.32473809964751155,-0.14455200788655098
126,motorcycle,5.663430570849459,-1.2199061845537282,5.650759983997423,-1.108513044572673,-0.012670586852036259,0.11139313998105527
126,bus,28.5,-4.52068568283995,29.00610089405759,-4.104569867582506,0.5061008940575888,0.41611581525744423
126,rickshaw,17.466889190918078,5.4503613572631195,17.100309665608197,5.011802060221661,-0.3665795253098807,-0.4385592970414587
127,car,14.734015453585505,-1.216472915937653,14.653060557923485,-1.1675349571060019,-0.08095489566201941,0.048937958831651196
127,car,21.786881267820934,2.1353306837335797,22.09316970637959,2.0308331055078255,0.3062884385586564,-0.10449757822575423
127,motorcycle,5.638839871568741,-1.1695110439953538,5.614303015609681,-1.057568061312787,-0.024536855959059523,0.11194298268256686
127,bus,28.5,-4.474450578148768,28.267527803979615,-4.025352067903613,-0.23247219602038527,0.4490985102451548
127,rickshaw,17.466889190918078,5.407775128829065,17.874149532109428,5.153390701272209,0.4072603411913498,-0.25438442755685564
128,car,14.718936421055973,-1.2386121197419442,14.857546406961063,-1.2222292335997729,0.13860998590508977,0.016382886142171316
128,car,21.78105125841187,2.138939618437302,21.373359349224657,1.960695109710036,-0.4076919091872142,-0.17824450872726594
128,motorcycle,5.617202541937066,-1.0959647531595245,5.611084824849572,-1.0077379530215604,-0.006117717087493979,0.08822680013796402
128,bus,28.5,-4.512708921395451,27.856155054834527,-3.985805094671633,-0.6438449451654726,0.5269038267238186
128,rickshaw,17.466889190918078,5.422225048930185,17.3076863786023,5.011662583893708,-0.1592028123157796,-0.4105624650364774
129,car,14.703223139724004,-1.2669652449977309,14.745630265289908,-1.2448306160241582,0.042407125565903314,0.022134628973572656
129,car,21.775412850578174,2.0926801480957242,21.755143375961705,1.9563214594262468,-0.02026947461646955,-0.13635868866947742
129,motorcycle,5.598545084977549,-0.9931441155362511,5.599107984538848,-0.9174673001209765,0.0005628995612987353,0.0756768154152746
129,bus,28.5,-4.516887431120647,28.56656867362066,-4.114454379844471,0.06656867362066166,0.40243305127617646
129,rickshaw,17.466889190918078,5.376117551452097,17.2933565966049,4.960104628106501,-0.17353259431317625,-0.4160129233455958
130,car,14.686879145011607,-1.2949698109345533,14.571757888503077,-1.2598699110708518,-0.11512125650853022,0.035099899863701545
130,car,21.769966608155933,2.125798623921158,22.386895803503155,2.1591079293113586,0.6169291953472218,0.033309305390200716
130,motorcycle,5.582890353741909,-0.8732552835563336,5.581647001091028,-0.8238091431890594,-0.0012433526508806025,0.04944614036727424
130,bus,28.5,-4.521044526024539,28.38177083459934,-4.112526720589298,-0.11822916540065975,0.40851780543524097
130,rickshaw,17.466889190918078,5.420598710633008,17.526090250530903,5.071658661006579,0.059201059612824736,-0.348940049626429
131,car,14.66990811424864,-1.2726891861348766,14.634896918543877,-1.23319489951268,-0.03501119570476341,0.03949428662219656
131,car,21.764713075764853,2.0174430264644565,21.61626269337678,1.8746009753537136,-0.14845038238807362,-0.14284205111074288
131,motorcycle,5.57025752331833,-0.7959410887880346,5.573716984093019,-0.7478886004714586,0.0034594607746889494,0.04805248831657605
131,bus,28.5,-4.4873110096434665,29.69129200243904,-4.217991868316082,1.1912920024390417,0.26931914132738477
131,rickshaw,17.466889190918078,5.379588090542974,17.532867528357446,5.0623672311677765,0.06597833743936832,-0.3172208593751975
132,car,14.65231386584543,-1.3183810159580802,14.554566767186682,-1.2709674321517919,-0.09774709865874875,0.04741358380628835
132,car,21.75965277875379,1.9955948564574384,21.580808082741836,1.8784727042445448,-0.17884469601195363,-0.11712215221289357
132,motorcycle,5.560662067344386,-0.7164887115887899,5.571066347749711,-0.6936035645620683,0.01040428040532504,0.02288514702672162
132,bus,28.5,-4.509225067586651,29.30868783772726,-4.233560693171764,0.808687837727259,0.27566437441488656
132,rickshaw,17.466889190918078,5.3838823858432585,17.44861496845736,4.9549676197780155,-0.018274222460718192,-0.42891476606524304
133,car,14.63410035843364,-1.357942925064718,14.261228272773373,-1.263207439169751,-0.3728720856602674,0.09473548589496694
133,car,21.75478622314823,1.9694665666602775,21.89767713073657,1.8076254322416412,0.14289090758834178,-0.16184113441863635
133,motorcycle,5.5541157390537625,-0.6557702129613978,5.5395512767200605,-0.6294862389019485,-0.01456446233370201,0.026283974059449267
133,bus,28.5,-4.525378335358638,28.39111146893252,-4.047869005276787,-0.10888853106747831,0.47750933008185026
133,rickshaw,17.466889190918078,5.359776413436348,16.940946732814904,4.829426365098387,-0.5259424581031737,-0.5303500483379615
134,car,14.615271689975602,-1.3649200336915581,14.47370816149952,-1.2873091580089495,-0.1415635284760821,0.0776108756826086
134,car,21.750113895599682,1.9780496535911924,21.840891163570323,1.905541853875943,0.09077726797064045,-0.07250779971524945
134,motorcycle,5.550626556880014,-0.5013061523443699,5.54379797046788,-0.5049841754982177,-0.006828586412134463,-0.003678023153847798
134,bus,28.5,-4.5058746120811,28.51779630050666,-4.085422026669302,0.017796300506660145,0.4204525854117982
134,rickshaw,17.466889190918078,5.377421272910204,17.422019805649093,5.02191244865119,-0.044869385268984985,-0.3555088242590134
135,car,14.595832096842289,-1.3314863674459483,14.746871135675514,-1.3029600204038,0.15103903883322545,0.02852634704214818
135,car,21.745636263337,1.9641524693887524,21.66454592755444,1.8542977338255113,-0.0810903357825623,-0.1098547355632411
135,motorcycle,5.550198794634995,-0.4764478967524199,5.553651173966714,-0.48668170975872743,0.0034523793317191576,-0.010233813006307546
135,bus,28.5,-4.468116567429214,28.354497863046706,-4.063819475256171,-0.14550213695329361,0.4042970921730431
135,rickshaw,17.466889190918078,5.379389769560566,17.917170231207454,5.177330093040272,0.45028104028937577,-0.20205967652029422
136,car,14.575785952860139,-1.390803753021973,14.727554891229971,-1.3743169203436967,0.15176893836983218,0.01648683267827633
136,car,21.741353774119688,1.95504402054102,21.493244242529016,1.862746605954774,-0.2481095315906714,-0.09229741458624607
136,motorcycle,5.552832976273964,-0.3495174717630218,5.5573438353164555,-0.36646130091518914,0.0045108590424911554,-0.016943829152167356
136,bus,28.5,-4.485197815544055,29.180750794873035,-4.222504799459877,0.6807507948730347,0.26269301608417805
136,rickshaw,17.466889190918078,5.4224201946046175,17.33876674008818,4.969966925477049,-0.12812245082989904,-0.45245326912756845
137,car,14.555137768326984,-1.4283625571863872,14.564233027349234,-1.4017269464744622,0.00909525902224928,0.026635610711924995
137,car,21.73726685619309,1.895369754995958,21.559529586447795,1.7047549910127917,-0.1777372697452968,-0.19061476398316635
137,motorcycle,5.558525875253809,-0.2687684053954188,5.5684995749282304,-0.2923511730889365,0.009973699674421077,-0.023582767693517692
137,bus,28.5,-4.474207803572547,28.058755949068598,-4.0103007980017855,-0.4412440509314024,0.4639070055707615
137,rickshaw,17.466889190918078,5.417163139608687,17.579796574749235,5.117275408815827,0.11290738383115695,-0.29988773079286
138,car,14.533892188997234,-1.4265483194451993,14.411435688737665,-1.3498118812941058,-0.12245650025956856,0.07673643815109354
138,car,21.7333759182456,1.8834237393901465,21.92560642243153,1.8359302055595592,0.19223050418593246,-0.0474935338305873
138,motorcycle,5.567270518485161,-0.13958656954861756,5.581602032109513,-0.15489470235603486,0.014331513624351366,-0.015308132807417302
138,bus,28.5,-4.506858415328274,28.033751775544317,-3.918914647046612,-0.4662482244556827,0.5879437682816624
138,rickshaw,17.466889190918078,5.408643400850885,17.221511832907183,4.942647542866806,-0.2453773580108951,-0.46599585798407883
139,car,14.512053995036611,-1.4614316572642894,14.347233391904801,-1.3959447801806306,-0.16482060313181002,0.06548687708365875
139,car,21.729681349367766,1.9005710543241574,22.13845079154525,1.828993592902517,0.40876944217748346,-0.07157746142164045
139,motorcycle,5.579056194873552,-0.027741298911898908,5.583657809943498,-0.032515820805395945,0.004601615069945275,-0.004774521893497037
139,bus,28.5,-4.492127152794156,28.665523840185728,-4.075429129459116,0.16552384018572752,0.4166980233350399
139,rickshaw,17.466889190918078,5.389058943738007,17.480786204724197,5.095431010491324,0.013897013806118963,-0.29362793324668335
140,car,14.489628099946623,-1.4997987114784195,14.52056039671421,-1.4398998103753937,0.030932296767586465,0.05989890110302576
140,car,21.7261835190134,1.8871712434202346,21.520604563606163,1.722679558701053,-0.20557895540723692,-0.16449168471918152
140,motorcycle,5.593868468439168,0.05183895760374263,5.6011945381062125,0.05668161742334643,0.007326069667044521,0.004842659819603801
140,bus,28.5,-4.503298734120129,28.013308501534105,-4.038948230405682,-0.48669149846589477,0.4643505037144475
140,rickshaw,17.466889190918078,5.382965083757774,17.590332440547584,5.062866454212884,0.12344324962950637,-0.32009862954488977
141,car,14.466619549459056,-1.5086053922604619,14.505876757278147,-1.4436073963783624,0.03925720781909092,0.06499799588209942
141,car,21.72288277696262,1.8494022107885204,21.78869435921239,1.7993948995069478,0.06581158224976846,-0.05000731128157265
141,motorcycle,5.611689195999124,0.16622378090955725,5.605959221361807,0.17822800957385837,-0.00572997463731717,0.01200422866430112
141,bus,28.5,-4.458229927802539,28.199582774188045,-3.948654040776512,-0.3004172258119553,0.5095758870260272
141,rickshaw,17.466889190918078,5.383542857230965,17.002397579087773,4.877927143326888,-0.4644916118303044,-0.5056157139040769
142,car,14.443033520400709,-1.5326275606742636,14.484940094057672,-1.4809464510168966,0.04190657365696282,0.05168110965736705
142,car,21.71977945328688,1.837033727630586,22.273408663434356,1.8037975728085065,0.5536292101474771,-0.03323615482207942
142,motorcycle,5.632496549390585,0.22312498768561728,5.6349126365351765,0.239760231423188,0.0024160871445912946,0.01663524373757072
142,bus,28.5,-4.522523949861757,28.49886662406242,-4.143868957108881,-0.0011333759375808938,0.3786549927528755
142,rickshaw,17.466889190918078,5.393104000515025,17.33747190783498,4.990333729406846,-0.12941728308309663,-0.40277027110817887
143,car,14.418875319528615,-1.5385391972163893,14.557672555123718,-1.486330254764705,0.13879723559510282,0.05220894245168428
143,car,21.716873858315964,1.831108271021781,21.66477027413337,1.6582745618175172,-0.052103584182592755,-0.17283370920426377
143,motorcycle,5.656265042207544,0.35658553655109493,5.650338107134122,0.385998311372537,-0.005926935073421902,0.029412774821442056
143,bus,28.5,-4.506222196224602,29.870116982102036,-4.31149733038947,1.3701169821020365,0.19472486583513238
143,rickshaw,17.466889190918078,5.40215021351887,17.38834629764405,5.047905349115758,-0.07854289327402952,-0.3542448644031122
144,car,14.394150382336049,-1.5483422194742975,14.493539723958799,-1.4887638955151286,0.09938934162275004,0.059578323959168955
144,car,21.714166282606946,1.824520206193146,21.305223150580662,1.6780455743176332,-0.40894313202628396,-0.1464746318755128
144,motorcycle,5.682965561018477,0.41609078341708655,5.689180856646998,0.42618932086865835,0.006215295628520856,0.010098537451571798
144,bus,28.5,-4.524040455254424,27.997718559114944,-4.021516590959678,-0.5022814408850564,0.502523864294746
144,rickshaw,17.466889190918078,5.374905927996802,17.76328826842567,5.1424164784601105,0.29639907750759065,-0.2324894495366916
145,car,14.368864271829578,-1.591506966286301,14.355994873899872,-1.5334572962687862,-0.012869397929705428,0.05804967001751482
145,car,21.711656996915142,1.7357259812979386,22.29698843406393,1.6263027838302013,0.5853314371487883,-0.10942319746773732
145,motorcycle,5.712565401026661,0.544019372210264,5.728523580326258,0.5450506253646882,0.015958179299596864,0.0010312531544242054
145,bus,28.5,-4.4523273680858475,28.686605347007287,-4.050886812158323,0.18660534700728704,0.4014405559275245
145,rickshaw,17.466889190918078,5.395826000835486,17.475223146036804,5.03571751385003,0.008333955118725811,-0.36010848698545583
146,car,14.343022677277387,-1.5974328652446883,14.47164999184557,-1.5213441250664492,0.12862731456818288,0.07608874017823908
146,car,21.70934625216703,1.7214771536116817,22.109436050570977,1.6265672847115107,0.4000897984039469,-0.09490986890017106
146,motorcycle,5.745028306129459,0.6350312884903587,5.739321451580355,0.6128503025598584,-0.0057068545491043565,-0.02218098593050033
146,bus,28.5,-4.498414968047123,28.24506774285404,-4.049062683982688,-0.2549322571459598,0.4493522840644344
146,rickshaw,17.466889190918078,5.363844964800688,17.631878195261013,5.065218092698788,0.16498900434293517,-0.29862687210189964
147,car,14.316631412929235,-1.576863493058824,14.40790616738937,-1.5282687398268324,0.09127475446013555,0.04859475323199147
147,car,21.70723427943516,1.746180623928367,22.104453914868383,1.704223753781495,0.397219635433224,-0.041956870146871994
147,motorcycle,5.780314513327505,0.7256768595789005,5.769078884341469,0.6831495612034378,-0.011235628986035806,-0.04252729837546265
147,bus,28.5,-4.512826368023325,27.81893421210604,-3.9158053853296098,-0.6810657878939601,0.5970209826937154
147,rickshaw,17.466889190918078,5.395536366553678,17.674350359650216,5.110336059171191,0.20746116873213793,-0.28520030738248714
148,car,14.289696416708262,-1.6122265042669628,14.402274211502396,-1.5369377337469554,0.11257779479413443,0.07528877052000738
148,car,21.70532128991504,1.7460319124439916,21.553238074906485,1.6105889767730068,-0.15208321500855604,-0.13544293567098475
148,motorcycle,5.818380801429414,0.7885387483258451,5.8244452056865,0.7446309973996416,0.006064404257085876,-0.04390775092620358
148,bus,28.5,-4.4940123566365715,28.818432539502172,-4.151044278517461,0.3184325395021723,0.34296807811911023
148,rickshaw,17.466889190918078,5.401560294138099,17.275143376441676,4.969050199422121,-0.19174581447640193,-0.4325100947159779
149,car,14.262223748874982,-1.6496839580931393,14.265802626904177,-1.5621829175297113,0.0035788780291952094,0.087501040563428
149,car,21.703607474904032,1.679914533649304,21.971797390844667,1.5640891686148908,0.2681899159406349,-0.11582536503441321
149,motorcycle,5.859180543992337,0.8706598383669468,5.861430173166598,0.8241959866041662,0.0022496291742610808,-0.04646385176278067
149,bus,28.5,-4.494394210472724,28.512609496734658,-4.113029304933514,0.012609496734658165,0.3813649055392103
149,rickshaw,17.466889190918078,5.403275690838345,17.218693216690525,4.988044070701639,-0.2481959742275528,-0.4152316201367059
150,car,14.234219590663765,-1.6426004871810715,14.369349979108279,-1.6224289098689058,0.13513038844451408,0.02017157731216579
150,car,21.70209300578221,1.7158640208166174,21.854209507319283,1.5867212543530702,0.15211650153707268,-0.12914276646354717
150,motorcycle,5.90266376643352,0.9690557000162262,5.890858425361617,0.8989886047465908,-0.011805341071903008,-0.0700670952696354
150,bus,28.5,-4.497161565931509,28.511781410188142,-4.028307590815521,0.01178141018814216,0.46885397511598814
150,rickshaw,17.466889190918078,5.438025531592469,17.0408341828198,4.977662495153323,-0.42605500809827745,-0.460363036439146
151,car,14.205690242892063,-1.694689435658307,14.150870030027214,-1.6313988362075027,-0.05482021286484873,0.0632905994508044
151,car,21.700778033995224,1.715097170828256,21.77863341720902,1.59422181662562,0.07785538321379448,-0.12087535420263618
151,motorcycle,5.948777207242917,1.0906786849326746,5.924310849222587,0.9908116150685308,-0.024466358020330148,-0.09986706986414384
151,bus,28.5,-4.4907623654989965,27.791075991648118,-3.972065586470624,-0.7089240083518824,0.5186967790283727
151,rickshaw,17.466889190918078,5.385416259470707,17.43551033712509,5.042951420335386,-0.03137885379298666,-0.3424648391353218
152,car,14.176642124542765,-1.6810459169286849,14.225419692624872,-1.6027165823776697,0.04877756808210698,0.0783293345510152
152,car,21.699662691039155,1.7263408928223514,21.373982291902518,1.547463412399181,-0.3256803991366368,-0.1788774804231703
152,motorcycle,5.997464383221883,1.1609171294380114,5.998080497884877,1.064741940873891,0.0006161146629946046,-0.09617518856412044
152,bus,28.5,-4.5114465744371,30.095027005006088,-4.337977381223949,1.595027005006088,0.17346919321315113
152,rickshaw,17.466889190918078,5.3919258751079555,17.39429421417093,5.025196637946221,-0.07259497674714765,-0.3667292371617341
153,car,14.147081771319963,-1.728708081688502,14.195565137868522,-1.6115075826720473,0.04848336654855956,0.1172004990164548
153,car,21.69874708844737,1.628978763339654,22.035662224463053,1.5584363998819,0.33691513601568346,-0.070542363457754
153,motorcycle,6.048665658668026,1.2477900172824572,6.0532202223420635,1.1447152732760826,0.004554563674037837,-0.10307474400637462
153,bus,28.5,-4.463508438901385,28.98598922442754,-4.121150024988845,0.48598922442754144,0.34235841391253974
153,rickshaw,17.466889190918078,5.432179789845812,17.35470379614658,5.06531818249614,-0.11218539477149747,-0.366861607349672
154,car,14.117015834178412,-1.6672759907081447,14.043688394333588,-1.56066569528244,-0.07332743984482448,0.10661029542570466
154,car,21.69803131777936,1.625022392818812,20.98399690885614,1.4321717214754157,-0.7140344089232187,-0.19285067134339617
154,motorcycle,6.102318318421492,1.3000290939101242,6.099221414251625,1.1825624180527414,-0.0030969041698671873,-0.1174666758573828
154,bus,28.5,-4.464245964331073,27.11617015697454,-3.8744088126865015,-1.3838298430254596,0.5898371516445713
154,rickshaw,17.466889190918078,5.431318978629709,17.33231964738637,5.058779372417659,-0.13456954353170758,-0.37253960621205007
155,car,14.08645107782714,-1.719182549832984,13.757657498385818,-1.589407611615517,-0.3287935794413226,0.1297749382174671
155,car,21.697515450611608,1.6371973423229889,21.521811935970845,1.5150139378103231,-0.1757035146407624,-0.12218340451266574
155,motorcycle,6.158356644683185,1.4325157883555628,6.146217863763978,1.2929487495493082,-0.012138780919207726,-0.13956703880625465
155,bus,28.5,-4.513296292159224,27.46712401312508,-3.9388532202230664,-1.0328759868749202,0.574443071936158
155,rickshaw,17.466889190918078,5.375080376978774,17.23389063497054,4.918043256616369,-0.23299855594753893,-0.45703712036240507
156,car,14.05539437920738,-1.7211859005870709,14.090638422661497,-1.6409092458055696,0.035244043454117246,0.08027665478150126
156,car,21.697199538530388,1.6140554812646366,21.84397347146,1.5468795058345437,0.14677393292961227,-0.0671759754300929
156,motorcycle,6.216711997510859,1.4955764429375407,6.2102936916491895,1.3430408116646615,-0.00641830586166936,-0.15253563127287917
156,bus,28.5,-4.538945597718503,29.01305091909184,-4.156814767325351,0.5130509190918389,0.38213083039315254
156,rickshaw,17.466889190918078,5.3949936653761785,17.575638302732273,5.112002264405926,0.10874911181419478,-0.28299140097025255
157,car,14.023852725945298,-1.7613268169187688,13.918596873831952,-1.7038977825074657,-0.10525585211334665,0.05742903441130309
157,car,21.69708361312665,1.5662489068353185,22.322817279499713,1.4535455508986714,0.6257336663730619,-0.11270335593664704
157,motorcycle,6.277312898894459,1.5394686648675007,6.273351422741523,1.395944154896264,-0.003961476152936072,-0.14352450997123678
157,bus,28.5,-4.51245518707919,29.13304957382305,-4.140988227466916,0.633049573823051,0.37146695961227394
157,rickshaw,17.466889190918078,5.384915102091913,17.276509710550876,4.999370738874799,-0.1903794803672021,-0.3855443632171136
158,car,13.991833214779815,-1.7582998557170746,13.906421285156975,-1.6702889251435429,-0.08541192962283972,0.08801093057353171
158,car,21.69716768599284,1.5859954478550782,22.0308440595143,1.451859573096091,0.3336763735214596,-0.13413587475898714
158,motorcycle,6.340085120307749,1.5900286767574392,6.3282184817799525,1.451455647499362,-0.011866638527796347,-0.13857302925807713
158,bus,28.5,-4.517815337780216,29.14798770682253,-4.199861423939221,0.6479877068225299,0.31795391384099503
158,rickshaw,17.466889190918078,5.3634040421875735,17.525343099470447,5.041314127760153,0.05845390855236943,-0.3220899144274201
159,car,13.959343049965861,-1.7984107718346436,14.000479871319333,-1.719582160573218,0.041136821353472186,0.0788286112614256
159,car,21.69745174872174,1.5510826329885046,21.788306915410686,1.4798329171035292,0.09085516668894655,-0.07124971588497542
159,motorcycle,6.404951773628973,1.6682193600015482,6.407862422172655,1.5022221330557015,0.0029106485436818375,-0.16599722694584673
159,bus,28.5,-4.479089101928396,28.51299832853373,-4.068249741727965,0.01299832853372962,0.41083936020043055
159,rickshaw,17.466889190918078,5.424802789257822,17.667071696112277,5.137569939040567,0.20018250519419922,-0.2872328502172552
160,car,13.926389541653451,-1.7884014230395742,13.711303364878868,-1.652783581180015,-0.21508617677458375,0.13561784185955927
160,car,21.69793577290731,1.5606867812325589,21.787232439418176,1.3879774139020002,0.08929666651086521,-0.17270936733055864
160,motorcycle,6.471833405319196,1.7437320615192375,6.457602331116246,1.5645594549842472,-0.014231074202950111,-0.17917260653499034
160,bus,28.5,-4.480435396678984,27.50883775516052,-3.869028765196678,-0.9911622448394795,0.6114066314823057
160,rickshaw,17.466889190918078,5.425707638389444,17.9822923033426,5.259931238074882,0.5154031124245222,-0.1657764003145612
161,car,13.892980104242941,-1.780490030489158,13.976903158874613,-1.67968109169426,0.08392305463167204,0.10080893879489805
161,car,21.69861971014754,1.545836197198853,20.85374014196888,1.4008614922139278,-0.8448795681786585,-0.14497470498492526
161,motorcycle,6.5406480937429405,1.8446057571185634,6.551508727500169,1.668024998796151,0.010860633757228122,-0.17658075832241238
161,bus,28.5,-4.51895708081274,27.77996103558762,-3.9247069524976244,-0.7200389644123817,0.5942501283151156
161,rickshaw,17.466889190918078,5.416552931166647,17.66675896611507,5.154242065336635,0.19986977519699067,-0.2623108658300124
162,car,13.859122254716796,-1.8246092788249364,13.832647559842437,-1.7169708440226037,-0.026474694874359272,0.1076384348023327
162,car,21.69950349204927,1.5479514565628396,21.987592338958777,1.4643357781639739,0.2880888469095062,-0.08361567839886574
162,motorcycle,6.611311549511956,1.834843451245736,6.609084143791454,1.6611453017901003,-0.0022274057205020625,-0.17369814945563555
162,bus,28.5,-4.493022476755513,28.610694093134402,-4.1004488716501415,0.11069409313440204,0.39257360510537165
162,rickshaw,17.466889190918078,5.415724298115421,17.902820332454866,5.261913922865247,0.4359311415367877,-0.15381037525017405
163,car,13.824823610948323,-1.8362239169947694,13.857476566343788,-1.745096930653448,0.032652955395464645,0.09112698634132133
163,car,21.700587030235056,1.537462589638377,22.12156177741912,1.4539903656949564,0.420974747184065,-0.08347222394342046
163,motorcycle,6.6837372187291795,1.9450512062356984,6.68569061057589,1.7567378172420323,0.00195339184671095,-0.18831338899366612
163,bus,28.5,-4.503219220543294,29.102092733545014,-4.204934576807274,0.6020927335450139,0.2982846437360207
163,rickshaw,17.466889190918078,5.419111313685811,17.520046400492255,5.096157433284582,0.053157209574177244,-0.3229538804012284
164,car,13.790091889987677,-1.8196461126978731,13.800158768314594,-1.691802719304079,0.010066878326917106,0.12784339339379414
164,car,21.701870216351974,1.5091487345188743,21.985025093903385,1.392289378934324,0.2831548775514108,-0.1168593555845503
164,motorcycle,6.757836389006428,1.9569892870285388,6.741654338952974,1.7484622095020677,-0.01618205005345441,-0.20852707752647115
164,bus,28.5,-4.477190653903274,29.176314495613802,-4.137013330168007,0.6763144956138021,0.34017732373526677
164,rickshaw,17.466889190918078,5.400248708087089,17.473493053225628,5.026943429934841,0.006603862307549946,-0.3733052781522481
165,car,13.754934906325548,-1.8647513058287568,13.766701457864407,-1.7593214299755695,0.01176655153885875,0.1054298758531873
165,car,21.703352922082484,1.5151037993902374,21.23492607085174,1.4159639966301418,-0.46842685123074546,-0.0991398027600956
165,motorcycle,6.8335182981259885,1.9992078661444406,6.8132081932303805,1.7863541685860183,-0.020310104895608028,-0.21285369755842232
165,bus,28.5,-4.467793079077927,28.49030887437183,-4.0573192915414635,-0.009691125628169317,0.41047378753646324
165,rickshaw,17.466889190918078,5.370282633572339,17.15150461450285,4.924217991564884,-0.31538457641522655,-0.446064642007455
166,car,13.719360570134944,-1.9002060693241016,13.55701393962534,-1.7551476851781267,-0.16234663050960307,0.14505838414597494
166,car,21.705034999157245,1.512799952777271,22.022055465512054,1.3873820427922974,0.3170204663548084,-0.1254179099849737
166,motorcycle,6.9106902452129875,2.0805185231834846,6.887809956596238,1.8779123770763075,-0.022880288616749844,-0.2026061461071771
166,bus,28.5,-4.520334832603365,29.003807880987207,-4.161206421313078,0.5038078809872069,0.3591284112902873
166,rickshaw,17.466889190918078,5.427816603625444,17.00493477731629,4.862623599193512,-0.4619544136017879,-0.565193004431932
167,car,13.683376885491432,-1.901694460782273,13.873838974598128,-1.8373191489237513,0.1904620891066955,0.06437531185852174
167,car,21.70691627936996,1.4679351579430173,21.784730622837067,1.3487705046268563,0.07781434346710725,-0.119164653316161
167,motorcycle,6.989257704282357,2.05654057222112,6.968372571533325,1.835677883893078,-0.02088513274903203,-0.2208626883280418
167,bus,28.5,-4.500334568697386,28.23799049227561,-3.9952507518717018,-0.2620095077243896,0.5050838168256839
167,rickshaw,17.466889190918078,5.397484958255064,17.52763660238703,5.017789061244965,0.06074741146895235,-0.379695897010099
168,car,13.646991948572246,-1.8753781577064896,13.678001648381757,-1.7705019679420715,0.03100969980951085,0.10487618976441815
168,car,21.708996574594167,1.4825955471827506,21.298962711927114,1.3317977259164162,-0.4100338626670528,-0.15079782126633434
168,motorcycle,7.069124440021365,2.094590620057752,7.078242603734541,1.894112781092007,0.009118163713176308,-0.2004778389657449
168,bus,28.5,-4.527177112876082,28.79723554774424,-4.145698896369795,0.2972355477442399,0.3814782165062871
168,rickshaw,17.466889190918078,5.375516299303773,16.967051040470047,4.854136435446431,-0.49983815044803137,-0.5213798638573417
169,car,13.6102139458347,-1.8921479923415894,13.504724263580915,-1.7887574442006433,-0.10548968225378452,0.10339054814094606
169,car,21.71127567680208,1.493337357192144,21.50856384207143,1.4444341028957586,-0.20271183473065335,-0.04890325429638542
169,motorcycle,7.150192625665823,2.1163866360791066,7.174080148010366,1.9277101306286075,0.023887522344542944,-0.18867650545049908
169,bus,28.5,-4.529076139368594,29.027799167635475,-4.281304537332415,0.5277991676354752,0.24777160203617932
169,rickshaw,17.466889190918078,5.409648675486729,17.05683860214445,4.922478967315597,-0.410050588773629,-0.48716970817113125
170,car,13.573051152174251,-1.9372196554023537,13.542662957401161,-1.8005003777252382,-0.030388194773090405,0.13671927767711556
170,car,21.713753358085384,1.4910904682138828,21.81520771247937,1.341828629627273,0.10145435439398653,-0.1492618385866098
170,motorcycle,7.232362962825646,2.147281047395656,7.242829859485072,1.9592706012537922,0.010466896659425906,-0.18801044614186369
170,bus,28.5,-4.485509639230993,28.78133298381033,-4.145899624601033,0.28133298381033,0.3396100146299599
170,rickshaw,17.466889190918078,5.391460377995083,17.19863975325068,4.956021499020099,-0.2682494376673965,-0.4354388789749839
171,car,13.535511929062695,-1.8831529542769507,13.659800981248809,-1.8095143262348188,0.12428905218611419,0.07363862804213195
171,car,21.716429370678004,1.445678000265553,21.279672785626417,1.2858109098796027,-0.43675658505158665,-0.15986709038595026
171,motorcycle,7.315534803112972,2.1800439641375045,7.3465455398558435,1.982549333896491,0.03101073674287136,-0.19749463024101344
171,bus,28.5,-4.5068541267476085,29.143305036881678,-4.172290859755611,0.643305036881678,0.33456326699199757
171,rickshaw,17.466889190918078,5.428495640059117,17.385223252642557,5.0351885149175235,-0.08166593827552049,-0.39330712514159316
172,car,13.497604722666866,-1.9461325898348694,13.379150611908443,-1.7666596496168536,-0.11845411075842271,0.17947294021801574
172,car,21.719303446980916,1.4389331167922614,21.892979013205277,1.3527335438892696,0.17367556622436098,-0.08619957290299185
172,motorcycle,7.399606271423827,2.1875323389912533,7.3752481782400015,1.976110870872732,-0.024358093183825424,-0.21142146811852136
172,bus,28.5,-4.488443439158554,30.088247533357944,-4.3446405038351985,1.5882475333579436,0.14380293532335564
172,rickshaw,17.466889190918078,5.375025513904093,17.41296140214308,5.002226148725668,-0.05392778877499893,-0.3727993651784258
173,car,13.459338061948277,-1.9264211086382752,13.288786562285752,-1.7689999309190767,-0.17055149966252436,0.1574211777191985
173,car,21.722375299588887,1.422385203474354,21.856652089813203,1.3258211613105209,0.13427679022431604,-0.09656404216383319
173,motorcycle,7.484474390722421,2.201938473760622,7.450909171018728,1.9854162902554875,-0.03356521970369286,-0.21652218350513452
173,bus,28.5,-4.470877053595737,27.058821554642662,-3.8225168546421573,-1.4411784453573375,0.6483601989535801
173,rickshaw,17.466889190918078,5.407914725913257,17.347548676521914,5.024334758811893,-0.11934051439616411,-0.38357996710136444
174,car,13.42072055674416,-1.9528275150871477,13.26289364083501,-1.8116199273181233,-0.15782691590914943,0.14120758776902442
174,car,21.725644621319212,1.4579387223175106,21.806582775665337,1.3832085185099474,0.08093815434612495,-0.07473020380756323
174,motorcycle,7.570035208175114,2.221101778737514,7.593586739743461,2.0443337524620926,0.023551531568346995,-0.17676802627542143
174,bus,28.5,-4.489717191468218,28.0277464950355,-3.90314833761505,-0.4722535049644989,0.5865688538531679
174,rickshaw,17.466889190918078,5.4015054602207275,17.10391443434703,4.930062630145173,-0.36297475657104883,-0.47144283007555465
175,car,13.381760895830269,-1.9639954567033127,13.334128063592834,-1.8802330562636815,-0.04763283223743464,0.08376240043963112
175,car,21.729111085242447,1.4495480232869424,22.001558221965023,1.3349022972830649,0.27244713672257603,-0.11464572600387757
175,motorcycle,7.656183922479642,2.183194628794359,7.669715716562158,2.0031377759683835,0.013531794082515702,-0.1800568528259756
175,bus,28.5,-4.497890101503455,27.659539224116738,-3.992230901562549,-0.8404607758832618,0.5056591999409066
175,rickshaw,17.466889190918078,5.395282717236734,17.238890150315882,4.934608360988516,-0.2279990406021959,-0.4606743562482176
176,car,13.342467844965945,-1.9777788582140776,13.37036288958976,-1.8641756016333624,0.02789504462381487,0.11360325658071524
176,car,21.732774344715082,1.4195206293623568,22.208471827689923,1.3300975199555978,0.4756974829748408,-0.08942310940675902
176,motorcycle,7.742815012233625,2.2096095363298702,7.774882164724824,2.015947844027777,0.03206715249119885,-0.19366169230209307
176,bus,28.5,-4.481749677372159,28.582733281200476,-4.094427364398533,0.08273328120047552,0.38732231297362585
176,rickshaw,17.466889190918078,5.385279347398061,17.798696888923708,5.082811334546641,0.3318076980056297,-0.30246801285142055
177,car,13.302850244921872,-1.979730033463009,13.299845498453559,-1.8853749999020928,-0.0030047464683136127,0.09435503356091623
177,car,21.73663403341423,1.3806010789606906,22.007700932130298,1.2740072466848296,0.27106689871606804,-0.10659383227586106
177,motorcycle,7.829822365185065,2.2056325242708037,7.8038120348401305,1.9965130266779336,-0.02601033034493483,-0.20911949759287007
177,bus,28.5,-4.513576965690849,29.45129213745234,-4.24533378209506,0.9512921374523415,0.26824318359578836
177,rickshaw,17.466889190918078,5.391067838561291,17.47206860452603,5.042955742268887,0.0051794136079514885,-0.3481120962924038
178,car,13.26291700949092,-1.990026254825989,13.307381061859974,-1.8836198597955343,0.044464052369054485,0.10640639503045479
178,car,21.74068976537423,1.4241040127440812,21.450737107888955,1.344091217131836,-0.28995265748527643,-0.08001279561224517
178,motorcycle,7.9170994082066075,2.1661542321336618,7.910254534562456,1.9925277856107075,-0.006844873644151761,-0.17362644652295423
178,bus,28.5,-4.480260917926398,28.60021951719744,-4.088855323720731,0.10021951719744138,0.39140559420566756
178,rickshaw,17.466889190918078,5.396092649298692,17.297359537189017,4.995765851038161,-0.16952965372906093,-0.4003267982605303
179,car,13.222677123482596,-1.960369738783861,13.09677912781914,-1.8450880750508545,-0.12589799566345583,0.11528166373300652
179,car,21.74494113502527,1.418517512457599,22.251940116463523,1.350714039594015,0.506998981438251,-0.06780347286358412
179,motorcycle,8.004539237834283,2.171166582705461,8.016770413289539,2.016182271114766,0.012231175455255539,-0.15498431159069526
179,bus,28.5,-4.522476759148,28.17017310521873,-3.989175658736559,-0.32982689478127014,0.5333011004114407
179,rickshaw,17.466889190918078,5.3738187464605955,17.63047162900015,5.088240535893599,0.16358243808207362,-0.28557821056699684
180,car,13.182139640701491,-1.964869178761691,13.352098765003163,-1.8695535025760235,0.1699591243016716,0.0953156761856675
180,car,21.74938771723393,1.389822840710004,21.93011853925837,1.2242138827208535,0.18073082202444013,-0.16560895798915043
180,motorcycle,8.092034751210875,2.1306912176471045,8.157834917921118,1.968316991596568,0.06580016671024325,-0.16237422605053653
180,bus,28.5,-4.447060514578415,27.82100714154694,-3.913132955098361,-0.6789928584530607,0.5339275594800541
180,rickshaw,17.466889190918078,5.41340875638118,18.098871909340843,5.2830058292836215,0.6319827184227655,-0.13040292709755885
181,car,13.141313681910212,-2.008513137989563,13.239325606035461,-1.9025612220331933,0.09801192412524884,0.10595191595636977
181,car,21.75402906734569,1.4103526256880883,21.339965091727606,1.2585893564382253,-0.4140639756180846,-0.15176326924986294
181,motorcycle,8.179478777273555,2.084111021176773,8.130197686880022,1.8974283785534967,-0.04928109039353323,-0.18668264262327616
181,bus,28.5,-4.492579251530511,27.86408685093359,-3.9808614663195474,-0.6359131490664112,0.5117177852109638
181,rickshaw,17.466889190918078,5.363165124918399,17.161697383466066,4.914437581451598,-0.3051918074520117,-0.4487275434668003
182,car,13.10020843277726,-1.985550690936829,12.95837836768934,-1.829954504098136,-0.14183006508791962,0.15559618683869303
182,car,21.758864721229408,1.3898697878368556,22.22211931266403,1.254348205892289,0.4632545914346231,-0.13552158194456654
182,motorcycle,8.266764208025002,2.059009821202576,8.298834561292695,1.907231290177482,0.03207035326769336,-0.15177853102509387
182,bus,28.5,-4.505445162236958,27.4884611617985,-3.9364100119826637,-1.0115388382014991,0.5690351502542943
182,rickshaw,17.466889190918078,5.397862568721798,17.09585839039801,4.96436998324265,-0.3710308005200673,-0.43349258547914715
183,car,13.05883314181027,-1.9960547019912698,13.001370174557639,-1.876266884721631,-0.057462967252631,0.11978781726963872
183,car,21.763894195323726,1.4078804517025716,21.361533110316564,1.215370206758828,-0.4023610850071613,-0.1925102449437437
183,motorcycle,8.353784129727332,2.0351580757630217,8.390627416583314,1.8786413873785872,0.036843286855981816,-0.15651668838443444
183,bus,28.5,-4.478015492546551,28.881540523644,-4.088204324637771,0.3815405236439986,0.3898111679087801
183,rickshaw,17.466889190918078,5.41095938505159,17.354641315215243,5.034138122326265,-0.11224787570283468,-0.3768212627253247
184,car,13.017197118275167,-2.003444876251264,13.00645353094883,-1.870626210201757,-0.010743587326336623,0.13281866604950698
184,car,21.769116986685425,1.4019285337476648,21.848321446135586,1.272906821281217,0.07920445945016041,-0.1290217124664479
184,motorcycle,8.440431953858031,2.027301751874223,8.420132247128457,1.854531928424763,-0.02029970672957404,-0.1727698234494599
184,bus,28.5,-4.494470749205445,27.866109119275983,-4.04268804715491,-0.6338908807240173,0.4517827020505347
184,rickshaw,17.466889190918078,5.427058575667587,17.81699882770862,5.228854455319367,0.35010963679054186,-0.19820412034821988
185,car,12.975309730101591,-1.9740378661798201,12.977316656757091,-1.8531180263292333,0.002006926655500507,0.12091983985058685
185,car,21.77453257303972,1.399175777600812,22.429792645791057,1.3248451965219181,0.6552600727513358,-0.0743305810788939
185,motorcycle,8.526601547667587,1.9494149539392938,8.501990099951163,1.794900210939518,-0.024611447716424095,-0.15451474299977574
185,bus,28.5,-4.541306871415942,28.770855763740773,-4.196687442055183,0.2708557637407729,0.3446194293607583
185,rickshaw,17.466889190918078,5.399734187104092,17.307819752833126,5.026814767177105,-0.159069438084952,-0.37291941992698696
186,car,12.93318040177517,-1.9976560357518458,12.903579523010379,-1.8888641496869716,-0.029600878764791005,0.10879188606487422
186,car,21.78014041283249,1.4172124967847939,21.980296042186716,1.3046719973465095,0.20015562935422437,-0.11254049943828437
186,motorcycle,8.612187364178835,1.9089666359904374,8.623189993907875,1.7757795043682056,0.011002629729039981,-0.13318713162223172
186,bus,28.5,-4.485812272340949,27.221703880724615,-3.7931408194941865,-1.2782961192753852,0.6926714528467626
186,rickshaw,17.466889190918078,5.387757452319565,17.473632637191553,4.99575875801057,0.006743446273475229,-0.39199869430899437
187,car,12.890818612217048,-2.0332187230180434,12.742559933846874,-1.8489147045120804,-0.14825867837017448,0.184304018505963
187,car,21.785939945284433,1.393811742018028,21.82346725338439,1.239804151418746,0.03752730809995697,-0.15400759059928215
187,motorcycle,8.697084571468793,1.8545902721144991,8.720518602597872,1.7200770677149342,0.023434031129079713,-0.13451320439956493
187,bus,28.5,-4.514542284422623,29.77554060258337,-4.276258442017454,1.2755406025833693,0.23828384240516876
187,rickshaw,17.466889190918078,5.418044004090893,17.833012546516986,5.191991117800319,0.3661233555989085,-0.2260528862905744
188,car,12.848233892651162,-2.0120237915824646,12.72901288097618,-1.8673489328156823,-0.11922101167498234,0.14467485876678232
188,car,21.79193059044713,1.3893778207058352,21.86320691867441,1.311200391278969,0.07127632822728103,-0.07817742942686623
188,motorcycle,8.781189181074675,1.8195660881784608,8.755479339333737,1.6638074084850922,-0.025709841740937378,-0.15575867969336854
188,bus,28.5,-4.4899669922183945,27.669215544485425,-3.9689614005867084,-0.8307844555145749,0.521005591631686
188,rickshaw,17.466889190918078,5.394417194988464,17.634719271798957,5.11779966567345,0.16783008088087925,-0.27661752931501393
189,car,12.805435824459758,-1.9605356237025204,12.754923617171825,-1.8451966218592626,-0.05051220728793382,0.11533900184325785
189,car,21.79811174926106,1.365208192037603,21.794298565553767,1.2388406152178135,-0.003813183707293888,-0.12636757681978938
189,motorcycle,8.864398175366736,1.75408506453263,8.870679020035285,1.6248092261897595,0.006280844668548724,-0.12927583834287049
189,bus,28.5,-4.52938092611055,28.936074309508225,-4.186939341458635,0.4360743095082249,0.34244158465191443
189,rickshaw,17.466889190918078,5.378397401766508,17.370204936586443,4.955329691503161,-0.09668425433163463,-0.42306771026334644
190,car,12.762434037027633,-2.017069500417251,12.726251689249064,-1.8622101019345585,-0.03618234777856877,0.15485939848269248
190,car,21.804482803615493,1.4515863583471653,21.849062357349908,1.2985086376721615,0.044579553734415356,-0.1530777206750038
190,motorcycle,8.946609633731999,1.7132065188763725,8.931795817439323,1.5833080756439373,-0.014813816292676307,-0.12989844323243527
190,bus,28.5,-4.4995807999506905,28.23396006252917,-4.057390020371812,-0.2660399374708291,0.44219077957887887
190,rickshaw,17.466889190918078,5.38679353687162,17.52514877102218,5.081838837288167,0.05825958010410304,-0.3049546995834529
191,car,12.719238205575541,-1.9725293621615332,12.650612356613594,-1.8174683438748416,-0.0686258489619469,0.1550610182866916
191,car,21.8110431164103,1.4383755712524795,22.434832041084395,1.3783574837502461,0.6237889246740949,-0.060018087502233364
191,motorcycle,9.02772285741427,1.5885767888007534,8.970610565309611,1.4593321860375845,-0.057112292104658735,-0.12924460276316885
191,bus,28.5,-4.485369112583629,27.97017718411578,-3.9803561566469963,-0.52982281588422,0.5050129559366328
191,rickshaw,17.466889190918078,5.404497811032695,17.722282501628268,5.094335316915178,0.2553933107101898,-0.3101624941175176
192,car,12.675858048983331,-1.98116586463721,12.486768279402193,-1.8164402096805319,-0.18908976958113755,0.164725654956678
192,car,21.81779203161967,1.384549593090357,21.62167216442194,1.2448136608679135,-0.19611986719773,-0.13973593222244363
192,motorcycle,9.107638492857495,1.5673582600622895,9.102384306456962,1.4703675190316041,-0.005254186400533101,-0.09699074103068539
192,bus,28.5,-4.489551264461901,27.22339778178837,-3.922436014721524,-1.2766022182116288,0.5671152497403771
192,rickshaw,17.466889190918078,5.405055022058725,17.350075652721184,5.010639580916778,-0.11681353819689377,-0.3944154411419465
193,car,12.632303327603227,-1.979527909103357,12.678192223674415,-1.8474892573152275,0.04588889607118851,0.13203865178812957
193,car,21.824728874357707,1.417239020140976,21.346570874024366,1.2664993873510508,-0.478158000333341,-0.15073963278992508
193,motorcycle,9.186258653401463,1.483825685345824,9.219305530510244,1.3985186826629492,0.03304687710878085,-0.08530700268287483
193,bus,28.5,-4.4873467669582645,27.2463568613441,-3.8994796502944777,-1.2536431386558995,0.5878671166637868
193,rickshaw,17.466889190918078,5.40277317042674,17.345815382167547,5.060736511726773,-0.12107380875053053,-0.3420366586999668
194,car,12.588583841063793,-2.0055505626000865,12.621284961017434,-1.8761958908317573,0.03270111995364111,0.12935467176832915
194,car,21.83185295094592,1.401993520880595,21.648979422181096,1.2617583480564878,-0.18287352876482288,-0.14023517282410713
194,motorcycle,9.263487039180726,1.3971605529839017,9.28205548660096,1.2995104443192076,0.018568447420234335,-0.09765010866469415
194,bus,28.5,-4.490831146896747,28.029670770934057,-4.04050288035626,-0.47032922906594266,0.4503282665404873
194,rickshaw,17.466889190918078,5.39462923569557,17.53941987276032,5.103133994125267,0.07253068184224176,-0.2914952415703027
195,car,12.544709426065062,-2.0150931859313697,12.593208864332757,-1.8959830428446527,0.04849943826769554,0.11911014308671697
195,car,21.839163548982583,1.4248657659306605,21.9672675447535,1.3359783359903978,0.12810399577091758,-0.08888742994026266
195,motorcycle,9.339229055079878,1.351307162069768,9.354488631140345,1.27678004991097,0.01525957606046724,-0.07452711215879804
195,bus,28.5,-4.513037569464618,28.465090878571598,-4.030684294959843,-0.0349091214284023,0.48235327450477516
195,rickshaw,17.466889190918078,5.392215570996017,17.605279341115477,5.090731797584579,0.13839015019739875,-0.30148377341143817
196,car,12.500689954165312,-1.9961805488437518,12.288415609753022,-1.8085781438191408,-0.21227434441228965,0.187602405024611
196,car,21.846659937413985,1.4534901780988647,21.423714558910344,1.324841883556657,-0.4229453785036412,-0.1286482945422076
196,motorcycle,9.413391926600756,1.233490727259451,9.435361119702343,1.169105182554375,0.021969193101586626,-0.06438554470507607
196,bus,28.5,-4.521762357061366,28.827098649592394,-4.051469649720669,0.32709864959239354,0.47029270734069684
196,rickshaw,17.466889190918078,5.367341171966095,17.536946494337787,5.04577948429285,0.07005730341970917,-0.32156168767324544
197,car,12.456535329560015,-1.9568188354608806,12.387698704960235,-1.8038173860512632,-0.0688366245997809,0.15300144940961746
197,car,21.854341366607528,1.4107253576324221,22.235442703274835,1.2454027248203468,0.3811013366673066,-0.16532263281207538
197,motorcycle,9.485884813499585,1.168937850007072,9.472943252618863,1.0948150828035457,-0.01294156088072107,-0.07412276720352629
197,bus,28.5,-4.498622930790379,27.916485794055387,-3.948043415505037,-0.5835142059446135,0.5505795152853423
197,rickshaw,17.466889190918078,5.417458738609194,17.279179941268897,5.002845701955077,-0.18770924964918123,-0.4146130366541172
198,car,12.412255486853436,-1.9573047711317701,12.506990782295981,-1.8582087576344015,0.09473529544254511,0.09909601349736863
198,car,21.862207068426702,1.473603565648298,21.030116396880516,1.3331389146673962,-0.8320906715461867,-0.14046465098090177
198,motorcycle,9.556618921054932,1.0811223050132421,9.592583566293095,1.0405338192856644,0.03596464523816323,-0.04058848572757778
198,bus,28.5,-4.488711101154798,28.140174464755532,-4.022314887143152,-0.35982553524446814,0.4663962140116453
198,rickshaw,17.466889190918078,5.39809712388665,17.531613200698132,5.06706146401125,0.0647240097800541,-0.3310356598754005
199,car,12.367860388823376,-1.9698018386369902,12.330686366691506,-1.851542934931514,-0.03717402213186993,0.1182589037054762
199,car,21.87025625630787,1.4656466465137112,21.551909562960386,1.3021257471796333,-0.31834669334748256,-0.16352089933407798
199,motorcycle,9.62550760883013,1.020830235844119,9.694138098815314,0.9784257793762813,0.06863048998518373,-0.04240445646783775
199,bus,28.5,-4.4828303863033625,28.777353156779494,-4.09044826219478,0.277353156779494,0.39238212410858253
199,rickshaw,17.466889190918078,5.439897557481516,17.90841246171086,5.2501314195291044,0.4415232707927821,-0.18976613795241182
